"ruleset","attackerId","attacker","targetId","target","mode","condition","expectedHits","expectedDamage","destroyProbability","statusProbability","pdfExpectedDamage","pdfDestroyProbability"
"adrien-01-sans-relances-tableau","gobelins-troupe-de-gobelins","Bande de Gobelins","gobelins-troupe-de-gobelins","Bande de Gobelins","melee","Profil sans bonus","1.00000000","1.00000000","0.25000000","0.00000000","1.00000000","0.25000000"
"adrien-01-sans-relances-tableau","gobelins-troupe-de-gobelins","Bande de Gobelins","gobelins-archers-gobelins","Archers Gobelins","melee","Profil sans bonus","1.33333333","0.88888889","0.88888889","0.00000000","0.88888889","0.88888889"
"adrien-01-sans-relances-tableau","gobelins-troupe-de-gobelins","Bande de Gobelins","gobelins-shaman-gobelin","Shamans Gobelins","melee","Profil sans bonus","1.33333333","0.88888889","0.88888889","0.00000000","0.88888889","0.88888889"
"adrien-01-sans-relances-tableau","gobelins-troupe-de-gobelins","Bande de Gobelins","gobelins-chevaucheurs-de-skrans-gobelins","Chevaucheurs de Skrans Gobelins","melee","Profil sans bonus","1.00000000","1.00000000","0.25000000","0.00000000","1.00000000","0.25000000"
"adrien-01-sans-relances-tableau","gobelins-troupe-de-gobelins","Bande de Gobelins","gobelins-katapult-a-gobs","Katapult à gobs","melee","Profil sans bonus","1.33333333","0.88888889","0.88888889","0.00000000","0.88888889","0.88888889"
"adrien-01-sans-relances-tableau","gobelins-troupe-de-gobelins","Bande de Gobelins","gobelins-meneurs-de-troll","Trolls","melee","Profil sans bonus","0.33333333","0.33333333","0.02777778","0.00000000","0.33333333","0.02777778"
"adrien-01-sans-relances-tableau","gobelins-troupe-de-gobelins","Bande de Gobelins","gobelins-bon-gros-tarre-de-gobelin","Gros tarrés de gobelins","melee","Profil sans bonus","1.33333333","0.88888889","0.88888889","0.00000000","0.88888889","0.88888889"
"adrien-01-sans-relances-tableau","gobelins-troupe-de-gobelins","Bande de Gobelins","gobelins-bande-du-chef","Bande du chef","melee","Profil sans bonus","0.66666667","0.66666667","0.00000000","0.00000000","0.66666667","0.00000000"
"adrien-01-sans-relances-tableau","gobelins-troupe-de-gobelins","Bande de Gobelins","gobelins-le-danzereu","Le Danzereu","melee","Profil sans bonus","1.33333333","0.88888889","0.88888889","0.00000000","0.88888889","0.88888889"
"adrien-01-sans-relances-tableau","gobelins-troupe-de-gobelins","Bande de Gobelins","gobelins-blop-le-meuteur","Blop, le Meuteur","melee","Profil sans bonus","1.00000000","1.00000000","0.00000000","0.00000000","1.00000000","0.00000000"
"adrien-01-sans-relances-tableau","gobelins-troupe-de-gobelins","Bande de Gobelins","sephosi-lanciers-sephosiens","Lanciers Sephosiens","melee","Profil sans bonus","0.33333333","0.33333333","0.00000000","0.00000000","0.33333333","0.00000000"
"adrien-01-sans-relances-tableau","gobelins-troupe-de-gobelins","Bande de Gobelins","sephosi-epeistes-sephosiens","Epéistes Sephosiens","melee","Profil sans bonus","0.66666667","0.66666667","0.00000000","0.00000000","0.66666667","0.00000000"
"adrien-01-sans-relances-tableau","gobelins-troupe-de-gobelins","Bande de Gobelins","sephosi-arbaletriers-avec-pavois","Arbalétriers Sephosiens","melee","Profil sans bonus","1.33333333","1.33333333","0.44444444","0.00000000","1.33333333","0.44444444"
"adrien-01-sans-relances-tableau","gobelins-troupe-de-gobelins","Bande de Gobelins","sephosi-cavalerie-lourde-sephosienne","Cavalerie lourde Sephosienne","melee","Profil sans bonus","0.66666667","0.66666667","0.11111111","0.00000000","0.66666667","0.11111111"
"adrien-01-sans-relances-tableau","gobelins-troupe-de-gobelins","Bande de Gobelins","sephosi-arbaletriers-montes-sephosiens","Arbalétriers Montés","melee","Profil sans bonus","1.33333333","0.88888889","0.88888889","0.00000000","0.88888889","0.88888889"
"adrien-01-sans-relances-tableau","gobelins-troupe-de-gobelins","Bande de Gobelins","sephosi-balistes-sephosiennes","Balistes Sephosiennes","melee","Profil sans bonus","1.33333333","0.88888889","0.88888889","0.00000000","0.88888889","0.88888889"
"adrien-01-sans-relances-tableau","gobelins-troupe-de-gobelins","Bande de Gobelins","sephosi-anges-protecteurs-de-la-sephosi","Anges Protecteurs de la Sephosi","melee","Profil sans bonus","0.66666667","0.66666667","0.11111111","0.00000000","0.66666667","0.11111111"
"adrien-01-sans-relances-tableau","gobelins-troupe-de-gobelins","Bande de Gobelins","sephosi-aides-de-camp-sephosiens","Porte-ordres Sephosiens","melee","Profil sans bonus","1.33333333","0.88888889","0.88888889","0.00000000","0.88888889","0.88888889"
"adrien-01-sans-relances-tableau","gobelins-troupe-de-gobelins","Bande de Gobelins","sephosi-marechal-vallardi","Maréchal Vallardi","melee","Profil sans bonus","1.33333333","0.88888889","0.88888889","0.00000000","0.88888889","0.88888889"
"adrien-01-sans-relances-tableau","gobelins-troupe-de-gobelins","Bande de Gobelins","sephosi-regiment-de-la-salamandre","Régiment de la Salamandre","melee","Profil sans bonus","0.33333333","0.33333333","0.00000000","0.00000000","0.33333333","0.00000000"
"adrien-01-sans-relances-tableau","gobelins-archers-gobelins","Archers Gobelins","gobelins-troupe-de-gobelins","Bande de Gobelins","ranged","Profil sans bonus","1.00000000","1.00000000","0.25000000","0.00000000","1.00000000","0.25000000"
"adrien-01-sans-relances-tableau","gobelins-archers-gobelins","Archers Gobelins","gobelins-archers-gobelins","Archers Gobelins","ranged","Profil sans bonus","1.00000000","0.75000000","0.75000000","0.00000000","0.75000000","0.75000000"
"adrien-01-sans-relances-tableau","gobelins-archers-gobelins","Archers Gobelins","gobelins-shaman-gobelin","Shamans Gobelins","ranged","Profil sans bonus","1.00000000","0.75000000","0.75000000","0.00000000","0.75000000","0.75000000"
"adrien-01-sans-relances-tableau","gobelins-archers-gobelins","Archers Gobelins","gobelins-chevaucheurs-de-skrans-gobelins","Chevaucheurs de Skrans Gobelins","ranged","Profil sans bonus","1.00000000","1.00000000","0.25000000","0.00000000","1.00000000","0.25000000"
"adrien-01-sans-relances-tableau","gobelins-archers-gobelins","Archers Gobelins","gobelins-katapult-a-gobs","Katapult à gobs","ranged","Profil sans bonus","1.00000000","0.75000000","0.75000000","0.00000000","0.75000000","0.75000000"
"adrien-01-sans-relances-tableau","gobelins-archers-gobelins","Archers Gobelins","gobelins-meneurs-de-troll","Trolls","ranged","Profil sans bonus","0.33333333","0.33333333","0.02777778","0.00000000","0.05555556","0.00077160"
"adrien-01-sans-relances-tableau","gobelins-archers-gobelins","Archers Gobelins","gobelins-bon-gros-tarre-de-gobelin","Gros tarrés de gobelins","ranged","Profil sans bonus","1.00000000","0.75000000","0.75000000","0.00000000","0.75000000","0.75000000"
"adrien-01-sans-relances-tableau","gobelins-archers-gobelins","Archers Gobelins","gobelins-bande-du-chef","Bande du chef","ranged","Profil sans bonus","0.66666667","0.66666667","0.00000000","0.00000000","0.66666667","0.00000000"
"adrien-01-sans-relances-tableau","gobelins-archers-gobelins","Archers Gobelins","gobelins-le-danzereu","Le Danzereu","ranged","Profil sans bonus","1.00000000","0.75000000","0.75000000","0.00000000","0.75000000","0.75000000"
"adrien-01-sans-relances-tableau","gobelins-archers-gobelins","Archers Gobelins","gobelins-blop-le-meuteur","Blop, le Meuteur","ranged","Profil sans bonus","1.00000000","1.00000000","0.00000000","0.00000000","1.00000000","0.00000000"
"adrien-01-sans-relances-tableau","gobelins-archers-gobelins","Archers Gobelins","sephosi-lanciers-sephosiens","Lanciers Sephosiens","ranged","Profil sans bonus","0.33333333","0.33333333","0.00000000","0.00000000","0.33333333","0.00000000"
"adrien-01-sans-relances-tableau","gobelins-archers-gobelins","Archers Gobelins","sephosi-epeistes-sephosiens","Epéistes Sephosiens","ranged","Profil sans bonus","0.33333333","0.33333333","0.00000000","0.00000000","0.33333333","0.00000000"
"adrien-01-sans-relances-tableau","gobelins-archers-gobelins","Archers Gobelins","sephosi-arbaletriers-avec-pavois","Arbalétriers Sephosiens","ranged","Profil sans bonus","0.66666667","0.66666667","0.11111111","0.00000000","0.66666667","0.11111111"
"adrien-01-sans-relances-tableau","gobelins-archers-gobelins","Archers Gobelins","sephosi-cavalerie-lourde-sephosienne","Cavalerie lourde Sephosienne","ranged","Profil sans bonus","0.66666667","0.66666667","0.11111111","0.00000000","0.66666667","0.11111111"
"adrien-01-sans-relances-tableau","gobelins-archers-gobelins","Archers Gobelins","sephosi-arbaletriers-montes-sephosiens","Arbalétriers Montés","ranged","Profil sans bonus","1.00000000","0.75000000","0.75000000","0.00000000","0.75000000","0.75000000"
"adrien-01-sans-relances-tableau","gobelins-archers-gobelins","Archers Gobelins","sephosi-balistes-sephosiennes","Balistes Sephosiennes","ranged","Profil sans bonus","1.00000000","0.75000000","0.75000000","0.00000000","0.75000000","0.75000000"
"adrien-01-sans-relances-tableau","gobelins-archers-gobelins","Archers Gobelins","sephosi-anges-protecteurs-de-la-sephosi","Anges Protecteurs de la Sephosi","ranged","Profil sans bonus","0.66666667","0.66666667","0.11111111","0.00000000","0.66666667","0.11111111"
"adrien-01-sans-relances-tableau","gobelins-archers-gobelins","Archers Gobelins","sephosi-aides-de-camp-sephosiens","Porte-ordres Sephosiens","ranged","Profil sans bonus","1.00000000","0.75000000","0.75000000","0.00000000","0.75000000","0.75000000"
"adrien-01-sans-relances-tableau","gobelins-archers-gobelins","Archers Gobelins","sephosi-marechal-vallardi","Maréchal Vallardi","ranged","Profil sans bonus","1.00000000","0.75000000","0.75000000","0.00000000","0.75000000","0.75000000"
"adrien-01-sans-relances-tableau","gobelins-archers-gobelins","Archers Gobelins","sephosi-regiment-de-la-salamandre","Régiment de la Salamandre","ranged","Profil sans bonus","0.33333333","0.33333333","0.00000000","0.00000000","0.33333333","0.00000000"
"adrien-01-sans-relances-tableau","gobelins-shaman-gobelin","Shamans Gobelins","gobelins-troupe-de-gobelins","Bande de Gobelins","ranged","Profil sans bonus","0.83333333","0.83333333","0.00000000","0.00000000","0.83333333","0.00000000"
"adrien-01-sans-relances-tableau","gobelins-shaman-gobelin","Shamans Gobelins","gobelins-archers-gobelins","Archers Gobelins","ranged","Profil sans bonus","0.83333333","0.83333333","0.83333333","0.00000000","0.83333333","0.83333333"
"adrien-01-sans-relances-tableau","gobelins-shaman-gobelin","Shamans Gobelins","gobelins-shaman-gobelin","Shamans Gobelins","ranged","Profil sans bonus","0.83333333","0.83333333","0.83333333","0.00000000","0.83333333","0.83333333"
"adrien-01-sans-relances-tableau","gobelins-shaman-gobelin","Shamans Gobelins","gobelins-chevaucheurs-de-skrans-gobelins","Chevaucheurs de Skrans Gobelins","ranged","Profil sans bonus","0.83333333","0.83333333","0.00000000","0.00000000","0.83333333","0.00000000"
"adrien-01-sans-relances-tableau","gobelins-shaman-gobelin","Shamans Gobelins","gobelins-katapult-a-gobs","Katapult à gobs","ranged","Profil sans bonus","0.83333333","0.83333333","0.83333333","0.00000000","0.83333333","0.83333333"
"adrien-01-sans-relances-tableau","gobelins-shaman-gobelin","Shamans Gobelins","gobelins-meneurs-de-troll","Trolls","ranged","Profil sans bonus","0.16666667","0.16666667","0.00000000","0.00000000","0.16666667","0.00000000"
"adrien-01-sans-relances-tableau","gobelins-shaman-gobelin","Shamans Gobelins","gobelins-bon-gros-tarre-de-gobelin","Gros tarrés de gobelins","ranged","Profil sans bonus","0.83333333","0.83333333","0.83333333","0.00000000","0.83333333","0.83333333"
"adrien-01-sans-relances-tableau","gobelins-shaman-gobelin","Shamans Gobelins","gobelins-bande-du-chef","Bande du chef","ranged","Profil sans bonus","0.66666667","0.66666667","0.00000000","0.00000000","0.66666667","0.00000000"
"adrien-01-sans-relances-tableau","gobelins-shaman-gobelin","Shamans Gobelins","gobelins-le-danzereu","Le Danzereu","ranged","Profil sans bonus","0.83333333","0.83333333","0.83333333","0.00000000","0.83333333","0.83333333"
"adrien-01-sans-relances-tableau","gobelins-shaman-gobelin","Shamans Gobelins","gobelins-blop-le-meuteur","Blop, le Meuteur","ranged","Profil sans bonus","0.83333333","0.83333333","0.00000000","0.00000000","0.83333333","0.00000000"
"adrien-01-sans-relances-tableau","gobelins-shaman-gobelin","Shamans Gobelins","sephosi-lanciers-sephosiens","Lanciers Sephosiens","ranged","Profil sans bonus","0.50000000","0.50000000","0.00000000","0.00000000","0.50000000","0.00000000"
"adrien-01-sans-relances-tableau","gobelins-shaman-gobelin","Shamans Gobelins","sephosi-epeistes-sephosiens","Epéistes Sephosiens","ranged","Profil sans bonus","0.50000000","0.50000000","0.00000000","0.00000000","0.50000000","0.00000000"
"adrien-01-sans-relances-tableau","gobelins-shaman-gobelin","Shamans Gobelins","sephosi-arbaletriers-avec-pavois","Arbalétriers Sephosiens","ranged","Profil sans bonus","0.66666667","0.66666667","0.00000000","0.00000000","0.66666667","0.00000000"
"adrien-01-sans-relances-tableau","gobelins-shaman-gobelin","Shamans Gobelins","sephosi-cavalerie-lourde-sephosienne","Cavalerie lourde Sephosienne","ranged","Profil sans bonus","0.66666667","0.66666667","0.00000000","0.00000000","0.66666667","0.00000000"
"adrien-01-sans-relances-tableau","gobelins-shaman-gobelin","Shamans Gobelins","sephosi-arbaletriers-montes-sephosiens","Arbalétriers Montés","ranged","Profil sans bonus","0.83333333","0.83333333","0.83333333","0.00000000","0.83333333","0.83333333"
"adrien-01-sans-relances-tableau","gobelins-shaman-gobelin","Shamans Gobelins","sephosi-balistes-sephosiennes","Balistes Sephosiennes","ranged","Profil sans bonus","0.83333333","0.83333333","0.83333333","0.00000000","0.83333333","0.83333333"
"adrien-01-sans-relances-tableau","gobelins-shaman-gobelin","Shamans Gobelins","sephosi-anges-protecteurs-de-la-sephosi","Anges Protecteurs de la Sephosi","ranged","Profil sans bonus","0.66666667","0.66666667","0.00000000","0.00000000","0.66666667","0.00000000"
"adrien-01-sans-relances-tableau","gobelins-shaman-gobelin","Shamans Gobelins","sephosi-aides-de-camp-sephosiens","Porte-ordres Sephosiens","ranged","Profil sans bonus","0.83333333","0.83333333","0.83333333","0.00000000","0.83333333","0.83333333"
"adrien-01-sans-relances-tableau","gobelins-shaman-gobelin","Shamans Gobelins","sephosi-marechal-vallardi","Maréchal Vallardi","ranged","Profil sans bonus","0.83333333","0.83333333","0.83333333","0.00000000","0.83333333","0.83333333"
"adrien-01-sans-relances-tableau","gobelins-shaman-gobelin","Shamans Gobelins","sephosi-regiment-de-la-salamandre","Régiment de la Salamandre","ranged","Profil sans bonus","0.33333333","0.33333333","0.00000000","0.00000000","0.33333333","0.00000000"
"adrien-01-sans-relances-tableau","gobelins-chevaucheurs-de-skrans-gobelins","Chevaucheurs de Skrans Gobelins","gobelins-troupe-de-gobelins","Bande de Gobelins","melee","Profil sans bonus","1.00000000","1.00000000","0.25000000","0.00000000","1.00000000","0.25000000"
"adrien-01-sans-relances-tableau","gobelins-chevaucheurs-de-skrans-gobelins","Chevaucheurs de Skrans Gobelins","gobelins-archers-gobelins","Archers Gobelins","melee","Profil sans bonus","1.33333333","0.88888889","0.88888889","0.00000000","0.88888889","0.88888889"
"adrien-01-sans-relances-tableau","gobelins-chevaucheurs-de-skrans-gobelins","Chevaucheurs de Skrans Gobelins","gobelins-shaman-gobelin","Shamans Gobelins","melee","Profil sans bonus","1.33333333","0.88888889","0.88888889","0.00000000","0.88888889","0.88888889"
"adrien-01-sans-relances-tableau","gobelins-chevaucheurs-de-skrans-gobelins","Chevaucheurs de Skrans Gobelins","gobelins-chevaucheurs-de-skrans-gobelins","Chevaucheurs de Skrans Gobelins","melee","Profil sans bonus","1.00000000","1.00000000","0.25000000","0.00000000","1.00000000","0.25000000"
"adrien-01-sans-relances-tableau","gobelins-chevaucheurs-de-skrans-gobelins","Chevaucheurs de Skrans Gobelins","gobelins-katapult-a-gobs","Katapult à gobs","melee","Profil sans bonus","1.33333333","0.88888889","0.88888889","0.00000000","0.88888889","0.88888889"
"adrien-01-sans-relances-tableau","gobelins-chevaucheurs-de-skrans-gobelins","Chevaucheurs de Skrans Gobelins","gobelins-meneurs-de-troll","Trolls","melee","Profil sans bonus","0.33333333","0.33333333","0.02777778","0.00000000","0.33333333","0.02777778"
"adrien-01-sans-relances-tableau","gobelins-chevaucheurs-de-skrans-gobelins","Chevaucheurs de Skrans Gobelins","gobelins-bon-gros-tarre-de-gobelin","Gros tarrés de gobelins","melee","Profil sans bonus","1.33333333","0.88888889","0.88888889","0.00000000","0.88888889","0.88888889"
"adrien-01-sans-relances-tableau","gobelins-chevaucheurs-de-skrans-gobelins","Chevaucheurs de Skrans Gobelins","gobelins-bande-du-chef","Bande du chef","melee","Profil sans bonus","0.66666667","0.66666667","0.00000000","0.00000000","0.66666667","0.00000000"
"adrien-01-sans-relances-tableau","gobelins-chevaucheurs-de-skrans-gobelins","Chevaucheurs de Skrans Gobelins","gobelins-le-danzereu","Le Danzereu","melee","Profil sans bonus","1.33333333","0.88888889","0.88888889","0.00000000","0.88888889","0.88888889"
"adrien-01-sans-relances-tableau","gobelins-chevaucheurs-de-skrans-gobelins","Chevaucheurs de Skrans Gobelins","gobelins-blop-le-meuteur","Blop, le Meuteur","melee","Profil sans bonus","1.00000000","1.00000000","0.00000000","0.00000000","1.00000000","0.00000000"
"adrien-01-sans-relances-tableau","gobelins-chevaucheurs-de-skrans-gobelins","Chevaucheurs de Skrans Gobelins","sephosi-lanciers-sephosiens","Lanciers Sephosiens","melee","Profil sans bonus","0.33333333","0.33333333","0.00000000","0.00000000","0.33333333","0.00000000"
"adrien-01-sans-relances-tableau","gobelins-chevaucheurs-de-skrans-gobelins","Chevaucheurs de Skrans Gobelins","sephosi-epeistes-sephosiens","Epéistes Sephosiens","melee","Profil sans bonus","0.66666667","0.66666667","0.00000000","0.00000000","0.66666667","0.00000000"
"adrien-01-sans-relances-tableau","gobelins-chevaucheurs-de-skrans-gobelins","Chevaucheurs de Skrans Gobelins","sephosi-arbaletriers-avec-pavois","Arbalétriers Sephosiens","melee","Profil sans bonus","1.33333333","1.33333333","0.44444444","0.00000000","1.33333333","0.44444444"
"adrien-01-sans-relances-tableau","gobelins-chevaucheurs-de-skrans-gobelins","Chevaucheurs de Skrans Gobelins","sephosi-cavalerie-lourde-sephosienne","Cavalerie lourde Sephosienne","melee","Profil sans bonus","0.66666667","0.66666667","0.11111111","0.00000000","0.66666667","0.11111111"
"adrien-01-sans-relances-tableau","gobelins-chevaucheurs-de-skrans-gobelins","Chevaucheurs de Skrans Gobelins","sephosi-arbaletriers-montes-sephosiens","Arbalétriers Montés","melee","Profil sans bonus","1.33333333","0.88888889","0.88888889","0.00000000","0.88888889","0.88888889"
"adrien-01-sans-relances-tableau","gobelins-chevaucheurs-de-skrans-gobelins","Chevaucheurs de Skrans Gobelins","sephosi-balistes-sephosiennes","Balistes Sephosiennes","melee","Profil sans bonus","1.33333333","0.88888889","0.88888889","0.00000000","0.88888889","0.88888889"
"adrien-01-sans-relances-tableau","gobelins-chevaucheurs-de-skrans-gobelins","Chevaucheurs de Skrans Gobelins","sephosi-anges-protecteurs-de-la-sephosi","Anges Protecteurs de la Sephosi","melee","Profil sans bonus","0.66666667","0.66666667","0.11111111","0.00000000","0.66666667","0.11111111"
"adrien-01-sans-relances-tableau","gobelins-chevaucheurs-de-skrans-gobelins","Chevaucheurs de Skrans Gobelins","sephosi-aides-de-camp-sephosiens","Porte-ordres Sephosiens","melee","Profil sans bonus","1.33333333","0.88888889","0.88888889","0.00000000","0.88888889","0.88888889"
"adrien-01-sans-relances-tableau","gobelins-chevaucheurs-de-skrans-gobelins","Chevaucheurs de Skrans Gobelins","sephosi-marechal-vallardi","Maréchal Vallardi","melee","Profil sans bonus","1.33333333","0.88888889","0.88888889","0.00000000","0.88888889","0.88888889"
"adrien-01-sans-relances-tableau","gobelins-chevaucheurs-de-skrans-gobelins","Chevaucheurs de Skrans Gobelins","sephosi-regiment-de-la-salamandre","Régiment de la Salamandre","melee","Profil sans bonus","0.33333333","0.33333333","0.00000000","0.00000000","0.33333333","0.00000000"
"adrien-01-sans-relances-tableau","gobelins-katapult-a-gobs","Katapult à gobs","gobelins-troupe-de-gobelins","Bande de Gobelins","ranged","Profil sans bonus","0.83333333","0.00000000","0.00000000","0.83333333","0.00000000","0.00000000"
"adrien-01-sans-relances-tableau","gobelins-katapult-a-gobs","Katapult à gobs","gobelins-archers-gobelins","Archers Gobelins","ranged","Profil sans bonus","0.83333333","0.00000000","0.00000000","0.83333333","0.00000000","0.00000000"
"adrien-01-sans-relances-tableau","gobelins-katapult-a-gobs","Katapult à gobs","gobelins-shaman-gobelin","Shamans Gobelins","ranged","Profil sans bonus","0.83333333","0.00000000","0.00000000","0.83333333","0.00000000","0.00000000"
"adrien-01-sans-relances-tableau","gobelins-katapult-a-gobs","Katapult à gobs","gobelins-chevaucheurs-de-skrans-gobelins","Chevaucheurs de Skrans Gobelins","ranged","Profil sans bonus","0.83333333","0.00000000","0.00000000","0.83333333","0.00000000","0.00000000"
"adrien-01-sans-relances-tableau","gobelins-katapult-a-gobs","Katapult à gobs","gobelins-katapult-a-gobs","Katapult à gobs","ranged","Profil sans bonus","0.83333333","0.00000000","0.00000000","0.83333333","0.00000000","0.00000000"
"adrien-01-sans-relances-tableau","gobelins-katapult-a-gobs","Katapult à gobs","gobelins-meneurs-de-troll","Trolls","ranged","Profil sans bonus","0.50000000","0.00000000","0.00000000","0.50000000","0.00000000","0.00000000"
"adrien-01-sans-relances-tableau","gobelins-katapult-a-gobs","Katapult à gobs","gobelins-bon-gros-tarre-de-gobelin","Gros tarrés de gobelins","ranged","Profil sans bonus","0.83333333","0.00000000","0.00000000","0.83333333","0.00000000","0.00000000"
"adrien-01-sans-relances-tableau","gobelins-katapult-a-gobs","Katapult à gobs","gobelins-bande-du-chef","Bande du chef","ranged","Profil sans bonus","0.83333333","0.00000000","0.00000000","0.83333333","0.00000000","0.00000000"
"adrien-01-sans-relances-tableau","gobelins-katapult-a-gobs","Katapult à gobs","gobelins-le-danzereu","Le Danzereu","ranged","Profil sans bonus","0.83333333","0.00000000","0.00000000","0.83333333","0.00000000","0.00000000"
"adrien-01-sans-relances-tableau","gobelins-katapult-a-gobs","Katapult à gobs","gobelins-blop-le-meuteur","Blop, le Meuteur","ranged","Profil sans bonus","0.83333333","0.00000000","0.00000000","0.83333333","0.00000000","0.00000000"
"adrien-01-sans-relances-tableau","gobelins-katapult-a-gobs","Katapult à gobs","sephosi-lanciers-sephosiens","Lanciers Sephosiens","ranged","Profil sans bonus","0.83333333","0.00000000","0.00000000","0.83333333","0.00000000","0.00000000"
"adrien-01-sans-relances-tableau","gobelins-katapult-a-gobs","Katapult à gobs","sephosi-epeistes-sephosiens","Epéistes Sephosiens","ranged","Profil sans bonus","0.83333333","0.00000000","0.00000000","0.83333333","0.00000000","0.00000000"
"adrien-01-sans-relances-tableau","gobelins-katapult-a-gobs","Katapult à gobs","sephosi-arbaletriers-avec-pavois","Arbalétriers Sephosiens","ranged","Profil sans bonus","0.83333333","0.00000000","0.00000000","0.83333333","0.00000000","0.00000000"
"adrien-01-sans-relances-tableau","gobelins-katapult-a-gobs","Katapult à gobs","sephosi-cavalerie-lourde-sephosienne","Cavalerie lourde Sephosienne","ranged","Profil sans bonus","0.83333333","0.00000000","0.00000000","0.83333333","0.00000000","0.00000000"
"adrien-01-sans-relances-tableau","gobelins-katapult-a-gobs","Katapult à gobs","sephosi-arbaletriers-montes-sephosiens","Arbalétriers Montés","ranged","Profil sans bonus","0.83333333","0.00000000","0.00000000","0.83333333","0.00000000","0.00000000"
"adrien-01-sans-relances-tableau","gobelins-katapult-a-gobs","Katapult à gobs","sephosi-balistes-sephosiennes","Balistes Sephosiennes","ranged","Profil sans bonus","0.83333333","0.00000000","0.00000000","0.83333333","0.00000000","0.00000000"
"adrien-01-sans-relances-tableau","gobelins-katapult-a-gobs","Katapult à gobs","sephosi-anges-protecteurs-de-la-sephosi","Anges Protecteurs de la Sephosi","ranged","Profil sans bonus","0.83333333","0.00000000","0.00000000","0.83333333","0.00000000","0.00000000"
"adrien-01-sans-relances-tableau","gobelins-katapult-a-gobs","Katapult à gobs","sephosi-aides-de-camp-sephosiens","Porte-ordres Sephosiens","ranged","Profil sans bonus","0.83333333","0.00000000","0.00000000","0.83333333","0.00000000","0.00000000"
"adrien-01-sans-relances-tableau","gobelins-katapult-a-gobs","Katapult à gobs","sephosi-marechal-vallardi","Maréchal Vallardi","ranged","Profil sans bonus","0.83333333","0.00000000","0.00000000","0.83333333","0.00000000","0.00000000"
"adrien-01-sans-relances-tableau","gobelins-katapult-a-gobs","Katapult à gobs","sephosi-regiment-de-la-salamandre","Régiment de la Salamandre","ranged","Profil sans bonus","0.66666667","0.00000000","0.00000000","0.66666667","0.00000000","0.00000000"
"adrien-01-sans-relances-tableau","gobelins-meneurs-de-troll","Trolls","gobelins-troupe-de-gobelins","Bande de Gobelins","melee","Troll actif, résultat 4–5","1.66666667","1.66666667","0.69444444","0.00000000","1.66666667","0.69444444"
"adrien-01-sans-relances-tableau","gobelins-meneurs-de-troll","Trolls","gobelins-archers-gobelins","Archers Gobelins","melee","Troll actif, résultat 4–5","1.66666667","0.97222222","0.97222222","0.00000000","0.99922840","0.99922840"
"adrien-01-sans-relances-tableau","gobelins-meneurs-de-troll","Trolls","gobelins-shaman-gobelin","Shamans Gobelins","melee","Troll actif, résultat 4–5","1.66666667","0.97222222","0.97222222","0.00000000","0.99922840","0.99922840"
"adrien-01-sans-relances-tableau","gobelins-meneurs-de-troll","Trolls","gobelins-chevaucheurs-de-skrans-gobelins","Chevaucheurs de Skrans Gobelins","melee","Troll actif, résultat 4–5","1.66666667","1.66666667","0.69444444","0.00000000","1.66666667","0.69444444"
"adrien-01-sans-relances-tableau","gobelins-meneurs-de-troll","Trolls","gobelins-katapult-a-gobs","Katapult à gobs","melee","Troll actif, résultat 4–5","1.66666667","0.97222222","0.97222222","0.00000000","0.99922840","0.99922840"
"adrien-01-sans-relances-tableau","gobelins-meneurs-de-troll","Trolls","gobelins-meneurs-de-troll","Trolls","melee","Troll actif, résultat 4–5","0.66666667","0.66666667","0.11111111","0.00000000","0.66666667","0.11111111"
"adrien-01-sans-relances-tableau","gobelins-meneurs-de-troll","Trolls","gobelins-bon-gros-tarre-de-gobelin","Gros tarrés de gobelins","melee","Troll actif, résultat 4–5","1.66666667","0.97222222","0.97222222","0.00000000","0.99922840","0.99922840"
"adrien-01-sans-relances-tableau","gobelins-meneurs-de-troll","Trolls","gobelins-bande-du-chef","Bande du chef","melee","Troll actif, résultat 4–5","1.33333333","1.33333333","0.00000000","0.00000000","1.33333333","0.00000000"
"adrien-01-sans-relances-tableau","gobelins-meneurs-de-troll","Trolls","gobelins-le-danzereu","Le Danzereu","melee","Troll actif, résultat 4–5","1.66666667","0.97222222","0.97222222","0.00000000","0.99922840","0.99922840"
"adrien-01-sans-relances-tableau","gobelins-meneurs-de-troll","Trolls","gobelins-blop-le-meuteur","Blop, le Meuteur","melee","Troll actif, résultat 4–5","1.66666667","1.66666667","0.00000000","0.00000000","1.66666667","0.00000000"
"adrien-01-sans-relances-tableau","gobelins-meneurs-de-troll","Trolls","sephosi-lanciers-sephosiens","Lanciers Sephosiens","melee","Troll actif, résultat 4–5","1.00000000","1.00000000","0.00000000","0.00000000","1.00000000","0.00000000"
"adrien-01-sans-relances-tableau","gobelins-meneurs-de-troll","Trolls","sephosi-epeistes-sephosiens","Epéistes Sephosiens","melee","Troll actif, résultat 4–5","1.33333333","1.33333333","0.00000000","0.00000000","1.33333333","0.00000000"
"adrien-01-sans-relances-tableau","gobelins-meneurs-de-troll","Trolls","sephosi-arbaletriers-avec-pavois","Arbalétriers Sephosiens","melee","Troll actif, résultat 4–5","1.66666667","1.66666667","0.69444444","0.00000000","1.94444444","0.94521605"
"adrien-01-sans-relances-tableau","gobelins-meneurs-de-troll","Trolls","sephosi-cavalerie-lourde-sephosienne","Cavalerie lourde Sephosienne","melee","Troll actif, résultat 4–5","1.33333333","1.33333333","0.44444444","0.00000000","1.33333333","0.44444444"
"adrien-01-sans-relances-tableau","gobelins-meneurs-de-troll","Trolls","sephosi-arbaletriers-montes-sephosiens","Arbalétriers Montés","melee","Troll actif, résultat 4–5","1.66666667","0.97222222","0.97222222","0.00000000","0.99922840","0.99922840"
"adrien-01-sans-relances-tableau","gobelins-meneurs-de-troll","Trolls","sephosi-balistes-sephosiennes","Balistes Sephosiennes","melee","Troll actif, résultat 4–5","1.66666667","0.97222222","0.97222222","0.00000000","0.99922840","0.99922840"
"adrien-01-sans-relances-tableau","gobelins-meneurs-de-troll","Trolls","sephosi-anges-protecteurs-de-la-sephosi","Anges Protecteurs de la Sephosi","melee","Troll actif, résultat 4–5","1.33333333","1.33333333","0.44444444","0.00000000","1.33333333","0.44444444"
"adrien-01-sans-relances-tableau","gobelins-meneurs-de-troll","Trolls","sephosi-aides-de-camp-sephosiens","Porte-ordres Sephosiens","melee","Troll actif, résultat 4–5","1.66666667","0.97222222","0.97222222","0.00000000","0.99922840","0.99922840"
"adrien-01-sans-relances-tableau","gobelins-meneurs-de-troll","Trolls","sephosi-marechal-vallardi","Maréchal Vallardi","melee","Troll actif, résultat 4–5","1.66666667","0.97222222","0.97222222","0.00000000","0.99922840","0.99922840"
"adrien-01-sans-relances-tableau","gobelins-meneurs-de-troll","Trolls","sephosi-regiment-de-la-salamandre","Régiment de la Salamandre","melee","Troll actif, résultat 4–5","1.00000000","1.00000000","0.00000000","0.00000000","1.00000000","0.00000000"
"adrien-01-sans-relances-tableau","gobelins-bon-gros-tarre-de-gobelin","Gros tarrés de gobelins","gobelins-troupe-de-gobelins","Bande de Gobelins","melee","Profil sans bonus","0.83333333","0.83333333","0.00000000","0.00000000","0.97222222","0.00000000"
"adrien-01-sans-relances-tableau","gobelins-bon-gros-tarre-de-gobelin","Gros tarrés de gobelins","gobelins-archers-gobelins","Archers Gobelins","melee","Profil sans bonus","0.83333333","0.83333333","0.83333333","0.00000000","0.97222222","0.97222222"
"adrien-01-sans-relances-tableau","gobelins-bon-gros-tarre-de-gobelin","Gros tarrés de gobelins","gobelins-shaman-gobelin","Shamans Gobelins","melee","Profil sans bonus","0.83333333","0.83333333","0.83333333","0.00000000","0.97222222","0.97222222"
"adrien-01-sans-relances-tableau","gobelins-bon-gros-tarre-de-gobelin","Gros tarrés de gobelins","gobelins-chevaucheurs-de-skrans-gobelins","Chevaucheurs de Skrans Gobelins","melee","Profil sans bonus","0.83333333","0.83333333","0.00000000","0.00000000","0.97222222","0.00000000"
"adrien-01-sans-relances-tableau","gobelins-bon-gros-tarre-de-gobelin","Gros tarrés de gobelins","gobelins-katapult-a-gobs","Katapult à gobs","melee","Profil sans bonus","0.83333333","0.83333333","0.83333333","0.00000000","0.97222222","0.97222222"
"adrien-01-sans-relances-tableau","gobelins-bon-gros-tarre-de-gobelin","Gros tarrés de gobelins","gobelins-meneurs-de-troll","Trolls","melee","Profil sans bonus","0.50000000","0.50000000","0.00000000","0.00000000","0.50000000","0.00000000"
"adrien-01-sans-relances-tableau","gobelins-bon-gros-tarre-de-gobelin","Gros tarrés de gobelins","gobelins-bon-gros-tarre-de-gobelin","Gros tarrés de gobelins","melee","Profil sans bonus","0.83333333","0.83333333","0.83333333","0.00000000","0.97222222","0.97222222"
"adrien-01-sans-relances-tableau","gobelins-bon-gros-tarre-de-gobelin","Gros tarrés de gobelins","gobelins-bande-du-chef","Bande du chef","melee","Profil sans bonus","0.83333333","0.83333333","0.00000000","0.00000000","0.83333333","0.00000000"
"adrien-01-sans-relances-tableau","gobelins-bon-gros-tarre-de-gobelin","Gros tarrés de gobelins","gobelins-le-danzereu","Le Danzereu","melee","Profil sans bonus","0.83333333","0.83333333","0.83333333","0.00000000","0.97222222","0.97222222"
"adrien-01-sans-relances-tableau","gobelins-bon-gros-tarre-de-gobelin","Gros tarrés de gobelins","gobelins-blop-le-meuteur","Blop, le Meuteur","melee","Profil sans bonus","0.83333333","0.83333333","0.00000000","0.00000000","0.97222222","0.00000000"
"adrien-01-sans-relances-tableau","gobelins-bon-gros-tarre-de-gobelin","Gros tarrés de gobelins","sephosi-lanciers-sephosiens","Lanciers Sephosiens","melee","Profil sans bonus","0.66666667","0.66666667","0.00000000","0.00000000","0.66666667","0.00000000"
"adrien-01-sans-relances-tableau","gobelins-bon-gros-tarre-de-gobelin","Gros tarrés de gobelins","sephosi-epeistes-sephosiens","Epéistes Sephosiens","melee","Profil sans bonus","0.83333333","0.83333333","0.00000000","0.00000000","0.83333333","0.00000000"
"adrien-01-sans-relances-tableau","gobelins-bon-gros-tarre-de-gobelin","Gros tarrés de gobelins","sephosi-arbaletriers-avec-pavois","Arbalétriers Sephosiens","melee","Profil sans bonus","0.83333333","0.83333333","0.00000000","0.00000000","0.97222222","0.00000000"
"adrien-01-sans-relances-tableau","gobelins-bon-gros-tarre-de-gobelin","Gros tarrés de gobelins","sephosi-cavalerie-lourde-sephosienne","Cavalerie lourde Sephosienne","melee","Profil sans bonus","0.83333333","0.83333333","0.00000000","0.00000000","0.83333333","0.00000000"
"adrien-01-sans-relances-tableau","gobelins-bon-gros-tarre-de-gobelin","Gros tarrés de gobelins","sephosi-arbaletriers-montes-sephosiens","Arbalétriers Montés","melee","Profil sans bonus","0.83333333","0.83333333","0.83333333","0.00000000","0.97222222","0.97222222"
"adrien-01-sans-relances-tableau","gobelins-bon-gros-tarre-de-gobelin","Gros tarrés de gobelins","sephosi-balistes-sephosiennes","Balistes Sephosiennes","melee","Profil sans bonus","0.83333333","0.83333333","0.83333333","0.00000000","0.97222222","0.97222222"
"adrien-01-sans-relances-tableau","gobelins-bon-gros-tarre-de-gobelin","Gros tarrés de gobelins","sephosi-anges-protecteurs-de-la-sephosi","Anges Protecteurs de la Sephosi","melee","Profil sans bonus","0.83333333","0.83333333","0.00000000","0.00000000","0.83333333","0.00000000"
"adrien-01-sans-relances-tableau","gobelins-bon-gros-tarre-de-gobelin","Gros tarrés de gobelins","sephosi-aides-de-camp-sephosiens","Porte-ordres Sephosiens","melee","Profil sans bonus","0.83333333","0.83333333","0.83333333","0.00000000","0.97222222","0.97222222"
"adrien-01-sans-relances-tableau","gobelins-bon-gros-tarre-de-gobelin","Gros tarrés de gobelins","sephosi-marechal-vallardi","Maréchal Vallardi","melee","Profil sans bonus","0.83333333","0.83333333","0.83333333","0.00000000","0.97222222","0.97222222"
"adrien-01-sans-relances-tableau","gobelins-bon-gros-tarre-de-gobelin","Gros tarrés de gobelins","sephosi-regiment-de-la-salamandre","Régiment de la Salamandre","melee","Profil sans bonus","0.66666667","0.66666667","0.00000000","0.00000000","0.66666667","0.00000000"
"adrien-01-sans-relances-tableau","gobelins-bande-du-chef","Bande du chef","gobelins-troupe-de-gobelins","Bande de Gobelins","melee","Profil sans bonus","2.66666667","1.87654321","0.88888889","0.00000000","1.87654321","0.88888889"
"adrien-01-sans-relances-tableau","gobelins-bande-du-chef","Bande du chef","gobelins-archers-gobelins","Archers Gobelins","melee","Profil sans bonus","3.33333333","0.99922840","0.99922840","0.00000000","0.99922840","0.99922840"
"adrien-01-sans-relances-tableau","gobelins-bande-du-chef","Bande du chef","gobelins-shaman-gobelin","Shamans Gobelins","melee","Profil sans bonus","3.33333333","0.99922840","0.99922840","0.00000000","0.99922840","0.99922840"
"adrien-01-sans-relances-tableau","gobelins-bande-du-chef","Bande du chef","gobelins-chevaucheurs-de-skrans-gobelins","Chevaucheurs de Skrans Gobelins","melee","Profil sans bonus","2.66666667","1.87654321","0.88888889","0.00000000","1.87654321","0.88888889"
"adrien-01-sans-relances-tableau","gobelins-bande-du-chef","Bande du chef","gobelins-katapult-a-gobs","Katapult à gobs","melee","Profil sans bonus","3.33333333","0.99922840","0.99922840","0.00000000","0.99922840","0.99922840"
"adrien-01-sans-relances-tableau","gobelins-bande-du-chef","Bande du chef","gobelins-meneurs-de-troll","Trolls","melee","Profil sans bonus","0.66666667","0.64969136","0.13194444","0.00000000","0.64969136","0.13194444"
"adrien-01-sans-relances-tableau","gobelins-bande-du-chef","Bande du chef","gobelins-bon-gros-tarre-de-gobelin","Gros tarrés de gobelins","melee","Profil sans bonus","3.33333333","0.99922840","0.99922840","0.00000000","0.99922840","0.99922840"
"adrien-01-sans-relances-tableau","gobelins-bande-du-chef","Bande du chef","gobelins-bande-du-chef","Bande du chef","melee","Profil sans bonus","2.00000000","2.00000000","0.00000000","0.00000000","2.00000000","0.00000000"
"adrien-01-sans-relances-tableau","gobelins-bande-du-chef","Bande du chef","gobelins-le-danzereu","Le Danzereu","melee","Profil sans bonus","3.33333333","0.99922840","0.99922840","0.00000000","0.99922840","0.99922840"
"adrien-01-sans-relances-tableau","gobelins-bande-du-chef","Bande du chef","gobelins-blop-le-meuteur","Blop, le Meuteur","melee","Profil sans bonus","2.66666667","2.46913580","0.59259259","0.00000000","2.46913580","0.59259259"
"adrien-01-sans-relances-tableau","gobelins-bande-du-chef","Bande du chef","sephosi-lanciers-sephosiens","Lanciers Sephosiens","melee","Profil sans bonus","1.33333333","1.32098765","0.11111111","0.00000000","1.32098765","0.11111111"
"adrien-01-sans-relances-tableau","gobelins-bande-du-chef","Bande du chef","sephosi-epeistes-sephosiens","Epéistes Sephosiens","melee","Profil sans bonus","2.00000000","1.93750000","0.31250000","0.00000000","1.93750000","0.31250000"
"adrien-01-sans-relances-tableau","gobelins-bande-du-chef","Bande du chef","sephosi-arbaletriers-avec-pavois","Arbalétriers Sephosiens","melee","Profil sans bonus","3.33333333","1.98302469","0.98379630","0.00000000","1.98302469","0.98379630"
"adrien-01-sans-relances-tableau","gobelins-bande-du-chef","Bande du chef","sephosi-cavalerie-lourde-sephosienne","Cavalerie lourde Sephosienne","melee","Profil sans bonus","2.00000000","1.62500000","0.68750000","0.00000000","1.62500000","0.68750000"
"adrien-01-sans-relances-tableau","gobelins-bande-du-chef","Bande du chef","sephosi-arbaletriers-montes-sephosiens","Arbalétriers Montés","melee","Profil sans bonus","3.33333333","0.99922840","0.99922840","0.00000000","0.99922840","0.99922840"
"adrien-01-sans-relances-tableau","gobelins-bande-du-chef","Bande du chef","sephosi-balistes-sephosiennes","Balistes Sephosiennes","melee","Profil sans bonus","3.33333333","0.99922840","0.99922840","0.00000000","0.99922840","0.99922840"
"adrien-01-sans-relances-tableau","gobelins-bande-du-chef","Bande du chef","sephosi-anges-protecteurs-de-la-sephosi","Anges Protecteurs de la Sephosi","melee","Profil sans bonus","2.00000000","1.62500000","0.68750000","0.00000000","1.62500000","0.68750000"
"adrien-01-sans-relances-tableau","gobelins-bande-du-chef","Bande du chef","sephosi-aides-de-camp-sephosiens","Porte-ordres Sephosiens","melee","Profil sans bonus","3.33333333","0.99922840","0.99922840","0.00000000","0.99922840","0.99922840"
"adrien-01-sans-relances-tableau","gobelins-bande-du-chef","Bande du chef","sephosi-marechal-vallardi","Maréchal Vallardi","melee","Profil sans bonus","3.33333333","0.99922840","0.99922840","0.00000000","0.99922840","0.99922840"
"adrien-01-sans-relances-tableau","gobelins-bande-du-chef","Bande du chef","sephosi-regiment-de-la-salamandre","Régiment de la Salamandre","melee","Profil sans bonus","1.33333333","1.32098765","0.11111111","0.00000000","1.32098765","0.11111111"
"adrien-01-sans-relances-tableau","gobelins-le-danzereu","Le Danzereu","gobelins-troupe-de-gobelins","Bande de Gobelins","ranged","Tir normal, sans Ligne Verte","1.66666667","1.66666667","0.69444444","0.00000000","1.66666667","0.69444444"
"adrien-01-sans-relances-tableau","gobelins-le-danzereu","Le Danzereu","gobelins-archers-gobelins","Archers Gobelins","ranged","Tir normal, sans Ligne Verte","1.66666667","0.97222222","0.97222222","0.00000000","0.97222222","0.97222222"
"adrien-01-sans-relances-tableau","gobelins-le-danzereu","Le Danzereu","gobelins-shaman-gobelin","Shamans Gobelins","ranged","Tir normal, sans Ligne Verte","1.66666667","0.97222222","0.97222222","0.00000000","0.97222222","0.97222222"
"adrien-01-sans-relances-tableau","gobelins-le-danzereu","Le Danzereu","gobelins-chevaucheurs-de-skrans-gobelins","Chevaucheurs de Skrans Gobelins","ranged","Tir normal, sans Ligne Verte","1.66666667","1.66666667","0.69444444","0.00000000","1.66666667","0.69444444"
"adrien-01-sans-relances-tableau","gobelins-le-danzereu","Le Danzereu","gobelins-katapult-a-gobs","Katapult à gobs","ranged","Tir normal, sans Ligne Verte","1.66666667","0.97222222","0.97222222","0.00000000","0.97222222","0.97222222"
"adrien-01-sans-relances-tableau","gobelins-le-danzereu","Le Danzereu","gobelins-meneurs-de-troll","Trolls","ranged","Tir normal, sans Ligne Verte","0.33333333","0.33333333","0.02777778","0.00000000","0.33333333","0.02777778"
"adrien-01-sans-relances-tableau","gobelins-le-danzereu","Le Danzereu","gobelins-bon-gros-tarre-de-gobelin","Gros tarrés de gobelins","ranged","Tir normal, sans Ligne Verte","1.66666667","0.97222222","0.97222222","0.00000000","0.97222222","0.97222222"
"adrien-01-sans-relances-tableau","gobelins-le-danzereu","Le Danzereu","gobelins-bande-du-chef","Bande du chef","ranged","Tir normal, sans Ligne Verte","1.33333333","1.33333333","0.00000000","0.00000000","1.33333333","0.00000000"
"adrien-01-sans-relances-tableau","gobelins-le-danzereu","Le Danzereu","gobelins-le-danzereu","Le Danzereu","ranged","Tir normal, sans Ligne Verte","1.66666667","0.97222222","0.97222222","0.00000000","0.97222222","0.97222222"
"adrien-01-sans-relances-tableau","gobelins-le-danzereu","Le Danzereu","gobelins-blop-le-meuteur","Blop, le Meuteur","ranged","Tir normal, sans Ligne Verte","1.66666667","1.66666667","0.00000000","0.00000000","1.66666667","0.00000000"
"adrien-01-sans-relances-tableau","gobelins-le-danzereu","Le Danzereu","sephosi-lanciers-sephosiens","Lanciers Sephosiens","ranged","Tir normal, sans Ligne Verte","1.00000000","1.00000000","0.00000000","0.00000000","1.00000000","0.00000000"
"adrien-01-sans-relances-tableau","gobelins-le-danzereu","Le Danzereu","sephosi-epeistes-sephosiens","Epéistes Sephosiens","ranged","Tir normal, sans Ligne Verte","1.00000000","1.00000000","0.00000000","0.00000000","1.00000000","0.00000000"
"adrien-01-sans-relances-tableau","gobelins-le-danzereu","Le Danzereu","sephosi-arbaletriers-avec-pavois","Arbalétriers Sephosiens","ranged","Tir normal, sans Ligne Verte","1.33333333","1.33333333","0.44444444","0.00000000","1.33333333","0.44444444"
"adrien-01-sans-relances-tableau","gobelins-le-danzereu","Le Danzereu","sephosi-cavalerie-lourde-sephosienne","Cavalerie lourde Sephosienne","ranged","Tir normal, sans Ligne Verte","1.33333333","1.33333333","0.44444444","0.00000000","1.33333333","0.44444444"
"adrien-01-sans-relances-tableau","gobelins-le-danzereu","Le Danzereu","sephosi-arbaletriers-montes-sephosiens","Arbalétriers Montés","ranged","Tir normal, sans Ligne Verte","1.66666667","0.97222222","0.97222222","0.00000000","0.97222222","0.97222222"
"adrien-01-sans-relances-tableau","gobelins-le-danzereu","Le Danzereu","sephosi-balistes-sephosiennes","Balistes Sephosiennes","ranged","Tir normal, sans Ligne Verte","1.66666667","0.97222222","0.97222222","0.00000000","0.97222222","0.97222222"
"adrien-01-sans-relances-tableau","gobelins-le-danzereu","Le Danzereu","sephosi-anges-protecteurs-de-la-sephosi","Anges Protecteurs de la Sephosi","ranged","Tir normal, sans Ligne Verte","1.33333333","1.33333333","0.44444444","0.00000000","1.33333333","0.44444444"
"adrien-01-sans-relances-tableau","gobelins-le-danzereu","Le Danzereu","sephosi-aides-de-camp-sephosiens","Porte-ordres Sephosiens","ranged","Tir normal, sans Ligne Verte","1.66666667","0.97222222","0.97222222","0.00000000","0.97222222","0.97222222"
"adrien-01-sans-relances-tableau","gobelins-le-danzereu","Le Danzereu","sephosi-marechal-vallardi","Maréchal Vallardi","ranged","Tir normal, sans Ligne Verte","1.66666667","0.97222222","0.97222222","0.00000000","0.97222222","0.97222222"
"adrien-01-sans-relances-tableau","gobelins-le-danzereu","Le Danzereu","sephosi-regiment-de-la-salamandre","Régiment de la Salamandre","ranged","Tir normal, sans Ligne Verte","0.66666667","0.66666667","0.00000000","0.00000000","0.66666667","0.00000000"
"adrien-01-sans-relances-tableau","gobelins-blop-le-meuteur","Blop, le Meuteur","gobelins-troupe-de-gobelins","Bande de Gobelins","melee","Profil sans bonus","1.33333333","1.33333333","0.44444444","0.00000000","1.33333333","0.44444444"
"adrien-01-sans-relances-tableau","gobelins-blop-le-meuteur","Blop, le Meuteur","gobelins-archers-gobelins","Archers Gobelins","melee","Profil sans bonus","1.66666667","0.97222222","0.97222222","0.00000000","0.97222222","0.97222222"
"adrien-01-sans-relances-tableau","gobelins-blop-le-meuteur","Blop, le Meuteur","gobelins-shaman-gobelin","Shamans Gobelins","melee","Profil sans bonus","1.66666667","0.97222222","0.97222222","0.00000000","0.97222222","0.97222222"
"adrien-01-sans-relances-tableau","gobelins-blop-le-meuteur","Blop, le Meuteur","gobelins-chevaucheurs-de-skrans-gobelins","Chevaucheurs de Skrans Gobelins","melee","Profil sans bonus","1.33333333","1.33333333","0.44444444","0.00000000","1.33333333","0.44444444"
"adrien-01-sans-relances-tableau","gobelins-blop-le-meuteur","Blop, le Meuteur","gobelins-katapult-a-gobs","Katapult à gobs","melee","Profil sans bonus","1.66666667","0.97222222","0.97222222","0.00000000","0.97222222","0.97222222"
"adrien-01-sans-relances-tableau","gobelins-blop-le-meuteur","Blop, le Meuteur","gobelins-meneurs-de-troll","Trolls","melee","Profil sans bonus","0.33333333","0.33333333","0.02777778","0.00000000","0.33333333","0.02777778"
"adrien-01-sans-relances-tableau","gobelins-blop-le-meuteur","Blop, le Meuteur","gobelins-bon-gros-tarre-de-gobelin","Gros tarrés de gobelins","melee","Profil sans bonus","1.66666667","0.97222222","0.97222222","0.00000000","0.97222222","0.97222222"
"adrien-01-sans-relances-tableau","gobelins-blop-le-meuteur","Blop, le Meuteur","gobelins-bande-du-chef","Bande du chef","melee","Profil sans bonus","1.00000000","1.00000000","0.00000000","0.00000000","1.00000000","0.00000000"
"adrien-01-sans-relances-tableau","gobelins-blop-le-meuteur","Blop, le Meuteur","gobelins-le-danzereu","Le Danzereu","melee","Profil sans bonus","1.66666667","0.97222222","0.97222222","0.00000000","0.97222222","0.97222222"
"adrien-01-sans-relances-tableau","gobelins-blop-le-meuteur","Blop, le Meuteur","gobelins-blop-le-meuteur","Blop, le Meuteur","melee","Profil sans bonus","1.33333333","1.33333333","0.00000000","0.00000000","1.33333333","0.00000000"
"adrien-01-sans-relances-tableau","gobelins-blop-le-meuteur","Blop, le Meuteur","sephosi-lanciers-sephosiens","Lanciers Sephosiens","melee","Profil sans bonus","0.66666667","0.66666667","0.00000000","0.00000000","0.66666667","0.00000000"
"adrien-01-sans-relances-tableau","gobelins-blop-le-meuteur","Blop, le Meuteur","sephosi-epeistes-sephosiens","Epéistes Sephosiens","melee","Profil sans bonus","1.00000000","1.00000000","0.00000000","0.00000000","1.00000000","0.00000000"
"adrien-01-sans-relances-tableau","gobelins-blop-le-meuteur","Blop, le Meuteur","sephosi-arbaletriers-avec-pavois","Arbalétriers Sephosiens","melee","Profil sans bonus","1.66666667","1.66666667","0.69444444","0.00000000","1.66666667","0.69444444"
"adrien-01-sans-relances-tableau","gobelins-blop-le-meuteur","Blop, le Meuteur","sephosi-cavalerie-lourde-sephosienne","Cavalerie lourde Sephosienne","melee","Profil sans bonus","1.00000000","1.00000000","0.25000000","0.00000000","1.00000000","0.25000000"
"adrien-01-sans-relances-tableau","gobelins-blop-le-meuteur","Blop, le Meuteur","sephosi-arbaletriers-montes-sephosiens","Arbalétriers Montés","melee","Profil sans bonus","1.66666667","0.97222222","0.97222222","0.00000000","0.97222222","0.97222222"
"adrien-01-sans-relances-tableau","gobelins-blop-le-meuteur","Blop, le Meuteur","sephosi-balistes-sephosiennes","Balistes Sephosiennes","melee","Profil sans bonus","1.66666667","0.97222222","0.97222222","0.00000000","0.97222222","0.97222222"
"adrien-01-sans-relances-tableau","gobelins-blop-le-meuteur","Blop, le Meuteur","sephosi-anges-protecteurs-de-la-sephosi","Anges Protecteurs de la Sephosi","melee","Profil sans bonus","1.00000000","1.00000000","0.25000000","0.00000000","1.00000000","0.25000000"
"adrien-01-sans-relances-tableau","gobelins-blop-le-meuteur","Blop, le Meuteur","sephosi-aides-de-camp-sephosiens","Porte-ordres Sephosiens","melee","Profil sans bonus","1.66666667","0.97222222","0.97222222","0.00000000","0.97222222","0.97222222"
"adrien-01-sans-relances-tableau","gobelins-blop-le-meuteur","Blop, le Meuteur","sephosi-marechal-vallardi","Maréchal Vallardi","melee","Profil sans bonus","1.66666667","0.97222222","0.97222222","0.00000000","0.97222222","0.97222222"
"adrien-01-sans-relances-tableau","gobelins-blop-le-meuteur","Blop, le Meuteur","sephosi-regiment-de-la-salamandre","Régiment de la Salamandre","melee","Profil sans bonus","0.66666667","0.66666667","0.00000000","0.00000000","0.66666667","0.00000000"
"adrien-01-sans-relances-tableau","sephosi-lanciers-sephosiens","Lanciers Sephosiens","gobelins-troupe-de-gobelins","Bande de Gobelins","melee","Profil sans bonus","1.33333333","1.33333333","0.44444444","0.00000000","1.33333333","0.44444444"
"adrien-01-sans-relances-tableau","sephosi-lanciers-sephosiens","Lanciers Sephosiens","gobelins-archers-gobelins","Archers Gobelins","melee","Profil sans bonus","1.66666667","0.97222222","0.97222222","0.00000000","0.97222222","0.97222222"
"adrien-01-sans-relances-tableau","sephosi-lanciers-sephosiens","Lanciers Sephosiens","gobelins-shaman-gobelin","Shamans Gobelins","melee","Profil sans bonus","1.66666667","0.97222222","0.97222222","0.00000000","0.97222222","0.97222222"
"adrien-01-sans-relances-tableau","sephosi-lanciers-sephosiens","Lanciers Sephosiens","gobelins-chevaucheurs-de-skrans-gobelins","Chevaucheurs de Skrans Gobelins","melee","Profil sans bonus","1.33333333","1.33333333","0.44444444","0.00000000","1.33333333","0.44444444"
"adrien-01-sans-relances-tableau","sephosi-lanciers-sephosiens","Lanciers Sephosiens","gobelins-katapult-a-gobs","Katapult à gobs","melee","Profil sans bonus","1.66666667","0.97222222","0.97222222","0.00000000","0.97222222","0.97222222"
"adrien-01-sans-relances-tableau","sephosi-lanciers-sephosiens","Lanciers Sephosiens","gobelins-meneurs-de-troll","Trolls","melee","Profil sans bonus","0.33333333","0.33333333","0.02777778","0.00000000","0.33333333","0.02777778"
"adrien-01-sans-relances-tableau","sephosi-lanciers-sephosiens","Lanciers Sephosiens","gobelins-bon-gros-tarre-de-gobelin","Gros tarrés de gobelins","melee","Profil sans bonus","1.66666667","0.97222222","0.97222222","0.00000000","0.97222222","0.97222222"
"adrien-01-sans-relances-tableau","sephosi-lanciers-sephosiens","Lanciers Sephosiens","gobelins-bande-du-chef","Bande du chef","melee","Profil sans bonus","1.00000000","1.00000000","0.00000000","0.00000000","1.00000000","0.00000000"
"adrien-01-sans-relances-tableau","sephosi-lanciers-sephosiens","Lanciers Sephosiens","gobelins-le-danzereu","Le Danzereu","melee","Profil sans bonus","1.66666667","0.97222222","0.97222222","0.00000000","0.97222222","0.97222222"
"adrien-01-sans-relances-tableau","sephosi-lanciers-sephosiens","Lanciers Sephosiens","gobelins-blop-le-meuteur","Blop, le Meuteur","melee","Profil sans bonus","1.33333333","1.33333333","0.00000000","0.00000000","1.33333333","0.00000000"
"adrien-01-sans-relances-tableau","sephosi-lanciers-sephosiens","Lanciers Sephosiens","sephosi-lanciers-sephosiens","Lanciers Sephosiens","melee","Profil sans bonus","0.66666667","0.66666667","0.00000000","0.00000000","0.66666667","0.00000000"
"adrien-01-sans-relances-tableau","sephosi-lanciers-sephosiens","Lanciers Sephosiens","sephosi-epeistes-sephosiens","Epéistes Sephosiens","melee","Profil sans bonus","1.00000000","1.00000000","0.00000000","0.00000000","1.00000000","0.00000000"
"adrien-01-sans-relances-tableau","sephosi-lanciers-sephosiens","Lanciers Sephosiens","sephosi-arbaletriers-avec-pavois","Arbalétriers Sephosiens","melee","Profil sans bonus","1.66666667","1.66666667","0.69444444","0.00000000","1.66666667","0.69444444"
"adrien-01-sans-relances-tableau","sephosi-lanciers-sephosiens","Lanciers Sephosiens","sephosi-cavalerie-lourde-sephosienne","Cavalerie lourde Sephosienne","melee","Profil sans bonus","1.00000000","1.00000000","0.25000000","0.00000000","1.00000000","0.25000000"
"adrien-01-sans-relances-tableau","sephosi-lanciers-sephosiens","Lanciers Sephosiens","sephosi-arbaletriers-montes-sephosiens","Arbalétriers Montés","melee","Profil sans bonus","1.66666667","0.97222222","0.97222222","0.00000000","0.97222222","0.97222222"
"adrien-01-sans-relances-tableau","sephosi-lanciers-sephosiens","Lanciers Sephosiens","sephosi-balistes-sephosiennes","Balistes Sephosiennes","melee","Profil sans bonus","1.66666667","0.97222222","0.97222222","0.00000000","0.97222222","0.97222222"
"adrien-01-sans-relances-tableau","sephosi-lanciers-sephosiens","Lanciers Sephosiens","sephosi-anges-protecteurs-de-la-sephosi","Anges Protecteurs de la Sephosi","melee","Profil sans bonus","1.00000000","1.00000000","0.25000000","0.00000000","1.00000000","0.25000000"
"adrien-01-sans-relances-tableau","sephosi-lanciers-sephosiens","Lanciers Sephosiens","sephosi-aides-de-camp-sephosiens","Porte-ordres Sephosiens","melee","Profil sans bonus","1.66666667","0.97222222","0.97222222","0.00000000","0.97222222","0.97222222"
"adrien-01-sans-relances-tableau","sephosi-lanciers-sephosiens","Lanciers Sephosiens","sephosi-marechal-vallardi","Maréchal Vallardi","melee","Profil sans bonus","1.66666667","0.97222222","0.97222222","0.00000000","0.97222222","0.97222222"
"adrien-01-sans-relances-tableau","sephosi-lanciers-sephosiens","Lanciers Sephosiens","sephosi-regiment-de-la-salamandre","Régiment de la Salamandre","melee","Profil sans bonus","0.66666667","0.66666667","0.00000000","0.00000000","0.66666667","0.00000000"
"adrien-01-sans-relances-tableau","sephosi-epeistes-sephosiens","Epéistes Sephosiens","gobelins-troupe-de-gobelins","Bande de Gobelins","melee","Profil sans bonus","2.50000000","1.92129630","0.92592593","0.00000000","1.92129630","0.92592593"
"adrien-01-sans-relances-tableau","sephosi-epeistes-sephosiens","Epéistes Sephosiens","gobelins-archers-gobelins","Archers Gobelins","melee","Profil sans bonus","2.50000000","0.99537037","0.99537037","0.00000000","0.99997857","0.99997857"
"adrien-01-sans-relances-tableau","sephosi-epeistes-sephosiens","Epéistes Sephosiens","gobelins-shaman-gobelin","Shamans Gobelins","melee","Profil sans bonus","2.50000000","0.99537037","0.99537037","0.00000000","0.99997857","0.99997857"
"adrien-01-sans-relances-tableau","sephosi-epeistes-sephosiens","Epéistes Sephosiens","gobelins-chevaucheurs-de-skrans-gobelins","Chevaucheurs de Skrans Gobelins","melee","Profil sans bonus","2.50000000","1.92129630","0.92592593","0.00000000","1.92129630","0.92592593"
"adrien-01-sans-relances-tableau","sephosi-epeistes-sephosiens","Epéistes Sephosiens","gobelins-katapult-a-gobs","Katapult à gobs","melee","Profil sans bonus","2.50000000","0.99537037","0.99537037","0.00000000","0.99997857","0.99997857"
"adrien-01-sans-relances-tableau","sephosi-epeistes-sephosiens","Epéistes Sephosiens","gobelins-meneurs-de-troll","Trolls","melee","Profil sans bonus","1.00000000","0.96296296","0.25925926","0.00000000","0.96296296","0.25925926"
"adrien-01-sans-relances-tableau","sephosi-epeistes-sephosiens","Epéistes Sephosiens","gobelins-bon-gros-tarre-de-gobelin","Gros tarrés de gobelins","melee","Profil sans bonus","2.50000000","0.99537037","0.99537037","0.00000000","0.99997857","0.99997857"
"adrien-01-sans-relances-tableau","sephosi-epeistes-sephosiens","Epéistes Sephosiens","gobelins-bande-du-chef","Bande du chef","melee","Profil sans bonus","2.00000000","2.00000000","0.00000000","0.00000000","2.00000000","0.00000000"
"adrien-01-sans-relances-tableau","sephosi-epeistes-sephosiens","Epéistes Sephosiens","gobelins-le-danzereu","Le Danzereu","melee","Profil sans bonus","2.50000000","0.99537037","0.99537037","0.00000000","0.99997857","0.99997857"
"adrien-01-sans-relances-tableau","sephosi-epeistes-sephosiens","Epéistes Sephosiens","gobelins-blop-le-meuteur","Blop, le Meuteur","melee","Profil sans bonus","2.50000000","2.50000000","0.57870370","0.00000000","2.50000000","0.57870370"
"adrien-01-sans-relances-tableau","sephosi-epeistes-sephosiens","Epéistes Sephosiens","sephosi-lanciers-sephosiens","Lanciers Sephosiens","melee","Profil sans bonus","1.50000000","1.50000000","0.12500000","0.00000000","1.50000000","0.12500000"
"adrien-01-sans-relances-tableau","sephosi-epeistes-sephosiens","Epéistes Sephosiens","sephosi-epeistes-sephosiens","Epéistes Sephosiens","melee","Profil sans bonus","2.00000000","2.00000000","0.29629630","0.00000000","2.00000000","0.29629630"
"adrien-01-sans-relances-tableau","sephosi-epeistes-sephosiens","Epéistes Sephosiens","sephosi-arbaletriers-avec-pavois","Arbalétriers Sephosiens","melee","Profil sans bonus","2.50000000","1.92129630","0.92592593","0.00000000","1.99770662","0.99772805"
"adrien-01-sans-relances-tableau","sephosi-epeistes-sephosiens","Epéistes Sephosiens","sephosi-cavalerie-lourde-sephosienne","Cavalerie lourde Sephosienne","melee","Profil sans bonus","2.00000000","1.70370370","0.74074074","0.00000000","1.70370370","0.74074074"
"adrien-01-sans-relances-tableau","sephosi-epeistes-sephosiens","Epéistes Sephosiens","sephosi-arbaletriers-montes-sephosiens","Arbalétriers Montés","melee","Profil sans bonus","2.50000000","0.99537037","0.99537037","0.00000000","0.99997857","0.99997857"
"adrien-01-sans-relances-tableau","sephosi-epeistes-sephosiens","Epéistes Sephosiens","sephosi-balistes-sephosiennes","Balistes Sephosiennes","melee","Profil sans bonus","2.50000000","0.99537037","0.99537037","0.00000000","0.99997857","0.99997857"
"adrien-01-sans-relances-tableau","sephosi-epeistes-sephosiens","Epéistes Sephosiens","sephosi-anges-protecteurs-de-la-sephosi","Anges Protecteurs de la Sephosi","melee","Profil sans bonus","2.00000000","1.70370370","0.74074074","0.00000000","1.70370370","0.74074074"
"adrien-01-sans-relances-tableau","sephosi-epeistes-sephosiens","Epéistes Sephosiens","sephosi-aides-de-camp-sephosiens","Porte-ordres Sephosiens","melee","Profil sans bonus","2.50000000","0.99537037","0.99537037","0.00000000","0.99997857","0.99997857"
"adrien-01-sans-relances-tableau","sephosi-epeistes-sephosiens","Epéistes Sephosiens","sephosi-marechal-vallardi","Maréchal Vallardi","melee","Profil sans bonus","2.50000000","0.99537037","0.99537037","0.00000000","0.99997857","0.99997857"
"adrien-01-sans-relances-tableau","sephosi-epeistes-sephosiens","Epéistes Sephosiens","sephosi-regiment-de-la-salamandre","Régiment de la Salamandre","melee","Profil sans bonus","1.50000000","1.50000000","0.12500000","0.00000000","1.50000000","0.12500000"
"adrien-01-sans-relances-tableau","sephosi-arbaletriers-avec-pavois","Arbalétriers Sephosiens","gobelins-troupe-de-gobelins","Bande de Gobelins","ranged","Profil sans bonus","1.66666667","1.66666667","0.69444444","0.00000000","1.66666667","0.69444444"
"adrien-01-sans-relances-tableau","sephosi-arbaletriers-avec-pavois","Arbalétriers Sephosiens","gobelins-archers-gobelins","Archers Gobelins","ranged","Profil sans bonus","1.66666667","0.97222222","0.97222222","0.00000000","0.97222222","0.97222222"
"adrien-01-sans-relances-tableau","sephosi-arbaletriers-avec-pavois","Arbalétriers Sephosiens","gobelins-shaman-gobelin","Shamans Gobelins","ranged","Profil sans bonus","1.66666667","0.97222222","0.97222222","0.00000000","0.97222222","0.97222222"
"adrien-01-sans-relances-tableau","sephosi-arbaletriers-avec-pavois","Arbalétriers Sephosiens","gobelins-chevaucheurs-de-skrans-gobelins","Chevaucheurs de Skrans Gobelins","ranged","Profil sans bonus","1.66666667","1.66666667","0.69444444","0.00000000","1.66666667","0.69444444"
"adrien-01-sans-relances-tableau","sephosi-arbaletriers-avec-pavois","Arbalétriers Sephosiens","gobelins-katapult-a-gobs","Katapult à gobs","ranged","Profil sans bonus","1.66666667","0.97222222","0.97222222","0.00000000","0.97222222","0.97222222"
"adrien-01-sans-relances-tableau","sephosi-arbaletriers-avec-pavois","Arbalétriers Sephosiens","gobelins-meneurs-de-troll","Trolls","ranged","Profil sans bonus","0.33333333","0.33333333","0.02777778","0.00000000","0.33333333","0.02777778"
"adrien-01-sans-relances-tableau","sephosi-arbaletriers-avec-pavois","Arbalétriers Sephosiens","gobelins-bon-gros-tarre-de-gobelin","Gros tarrés de gobelins","ranged","Profil sans bonus","1.66666667","0.97222222","0.97222222","0.00000000","0.97222222","0.97222222"
"adrien-01-sans-relances-tableau","sephosi-arbaletriers-avec-pavois","Arbalétriers Sephosiens","gobelins-bande-du-chef","Bande du chef","ranged","Profil sans bonus","1.33333333","1.33333333","0.00000000","0.00000000","1.33333333","0.00000000"
"adrien-01-sans-relances-tableau","sephosi-arbaletriers-avec-pavois","Arbalétriers Sephosiens","gobelins-le-danzereu","Le Danzereu","ranged","Profil sans bonus","1.66666667","0.97222222","0.97222222","0.00000000","0.97222222","0.97222222"
"adrien-01-sans-relances-tableau","sephosi-arbaletriers-avec-pavois","Arbalétriers Sephosiens","gobelins-blop-le-meuteur","Blop, le Meuteur","ranged","Profil sans bonus","1.66666667","1.66666667","0.00000000","0.00000000","1.66666667","0.00000000"
"adrien-01-sans-relances-tableau","sephosi-arbaletriers-avec-pavois","Arbalétriers Sephosiens","sephosi-lanciers-sephosiens","Lanciers Sephosiens","ranged","Profil sans bonus","1.00000000","1.00000000","0.00000000","0.00000000","1.00000000","0.00000000"
"adrien-01-sans-relances-tableau","sephosi-arbaletriers-avec-pavois","Arbalétriers Sephosiens","sephosi-epeistes-sephosiens","Epéistes Sephosiens","ranged","Profil sans bonus","1.00000000","1.00000000","0.00000000","0.00000000","1.00000000","0.00000000"
"adrien-01-sans-relances-tableau","sephosi-arbaletriers-avec-pavois","Arbalétriers Sephosiens","sephosi-arbaletriers-avec-pavois","Arbalétriers Sephosiens","ranged","Profil sans bonus","1.33333333","1.33333333","0.44444444","0.00000000","1.33333333","0.44444444"
"adrien-01-sans-relances-tableau","sephosi-arbaletriers-avec-pavois","Arbalétriers Sephosiens","sephosi-cavalerie-lourde-sephosienne","Cavalerie lourde Sephosienne","ranged","Profil sans bonus","1.33333333","1.33333333","0.44444444","0.00000000","1.33333333","0.44444444"
"adrien-01-sans-relances-tableau","sephosi-arbaletriers-avec-pavois","Arbalétriers Sephosiens","sephosi-arbaletriers-montes-sephosiens","Arbalétriers Montés","ranged","Profil sans bonus","1.66666667","0.97222222","0.97222222","0.00000000","0.97222222","0.97222222"
"adrien-01-sans-relances-tableau","sephosi-arbaletriers-avec-pavois","Arbalétriers Sephosiens","sephosi-balistes-sephosiennes","Balistes Sephosiennes","ranged","Profil sans bonus","1.66666667","0.97222222","0.97222222","0.00000000","0.97222222","0.97222222"
"adrien-01-sans-relances-tableau","sephosi-arbaletriers-avec-pavois","Arbalétriers Sephosiens","sephosi-anges-protecteurs-de-la-sephosi","Anges Protecteurs de la Sephosi","ranged","Profil sans bonus","1.33333333","1.33333333","0.44444444","0.00000000","1.33333333","0.44444444"
"adrien-01-sans-relances-tableau","sephosi-arbaletriers-avec-pavois","Arbalétriers Sephosiens","sephosi-aides-de-camp-sephosiens","Porte-ordres Sephosiens","ranged","Profil sans bonus","1.66666667","0.97222222","0.97222222","0.00000000","0.97222222","0.97222222"
"adrien-01-sans-relances-tableau","sephosi-arbaletriers-avec-pavois","Arbalétriers Sephosiens","sephosi-marechal-vallardi","Maréchal Vallardi","ranged","Profil sans bonus","1.66666667","0.97222222","0.97222222","0.00000000","0.97222222","0.97222222"
"adrien-01-sans-relances-tableau","sephosi-arbaletriers-avec-pavois","Arbalétriers Sephosiens","sephosi-regiment-de-la-salamandre","Régiment de la Salamandre","ranged","Profil sans bonus","0.66666667","0.66666667","0.00000000","0.00000000","0.66666667","0.00000000"
"adrien-01-sans-relances-tableau","sephosi-cavalerie-lourde-sephosienne","Cavalerie lourde Sephosienne","gobelins-troupe-de-gobelins","Bande de Gobelins","melee","Profil sans bonus","0.83333333","0.83333333","0.00000000","0.00000000","0.83333333","0.00000000"
"adrien-01-sans-relances-tableau","sephosi-cavalerie-lourde-sephosienne","Cavalerie lourde Sephosienne","gobelins-archers-gobelins","Archers Gobelins","melee","Profil sans bonus","0.83333333","0.83333333","0.83333333","0.00000000","0.97222222","0.97222222"
"adrien-01-sans-relances-tableau","sephosi-cavalerie-lourde-sephosienne","Cavalerie lourde Sephosienne","gobelins-shaman-gobelin","Shamans Gobelins","melee","Profil sans bonus","0.83333333","0.83333333","0.83333333","0.00000000","0.97222222","0.97222222"
"adrien-01-sans-relances-tableau","sephosi-cavalerie-lourde-sephosienne","Cavalerie lourde Sephosienne","gobelins-chevaucheurs-de-skrans-gobelins","Chevaucheurs de Skrans Gobelins","melee","Profil sans bonus","0.83333333","0.83333333","0.00000000","0.00000000","0.83333333","0.00000000"
"adrien-01-sans-relances-tableau","sephosi-cavalerie-lourde-sephosienne","Cavalerie lourde Sephosienne","gobelins-katapult-a-gobs","Katapult à gobs","melee","Profil sans bonus","0.83333333","0.83333333","0.83333333","0.00000000","0.97222222","0.97222222"
"adrien-01-sans-relances-tableau","sephosi-cavalerie-lourde-sephosienne","Cavalerie lourde Sephosienne","gobelins-meneurs-de-troll","Trolls","melee","Profil sans bonus","0.33333333","0.33333333","0.00000000","0.00000000","0.33333333","0.00000000"
"adrien-01-sans-relances-tableau","sephosi-cavalerie-lourde-sephosienne","Cavalerie lourde Sephosienne","gobelins-bon-gros-tarre-de-gobelin","Gros tarrés de gobelins","melee","Profil sans bonus","0.83333333","0.83333333","0.83333333","0.00000000","0.97222222","0.97222222"
"adrien-01-sans-relances-tableau","sephosi-cavalerie-lourde-sephosienne","Cavalerie lourde Sephosienne","gobelins-bande-du-chef","Bande du chef","melee","Profil sans bonus","0.66666667","0.66666667","0.00000000","0.00000000","0.66666667","0.00000000"
"adrien-01-sans-relances-tableau","sephosi-cavalerie-lourde-sephosienne","Cavalerie lourde Sephosienne","gobelins-le-danzereu","Le Danzereu","melee","Profil sans bonus","0.83333333","0.83333333","0.83333333","0.00000000","0.97222222","0.97222222"
"adrien-01-sans-relances-tableau","sephosi-cavalerie-lourde-sephosienne","Cavalerie lourde Sephosienne","gobelins-blop-le-meuteur","Blop, le Meuteur","melee","Profil sans bonus","0.83333333","0.83333333","0.00000000","0.00000000","0.83333333","0.00000000"
"adrien-01-sans-relances-tableau","sephosi-cavalerie-lourde-sephosienne","Cavalerie lourde Sephosienne","sephosi-lanciers-sephosiens","Lanciers Sephosiens","melee","Profil sans bonus","0.50000000","0.50000000","0.00000000","0.00000000","0.50000000","0.00000000"
"adrien-01-sans-relances-tableau","sephosi-cavalerie-lourde-sephosienne","Cavalerie lourde Sephosienne","sephosi-epeistes-sephosiens","Epéistes Sephosiens","melee","Profil sans bonus","0.66666667","0.66666667","0.00000000","0.00000000","0.66666667","0.00000000"
"adrien-01-sans-relances-tableau","sephosi-cavalerie-lourde-sephosienne","Cavalerie lourde Sephosienne","sephosi-arbaletriers-avec-pavois","Arbalétriers Sephosiens","melee","Profil sans bonus","0.83333333","0.83333333","0.00000000","0.00000000","0.97222222","0.00000000"
"adrien-01-sans-relances-tableau","sephosi-cavalerie-lourde-sephosienne","Cavalerie lourde Sephosienne","sephosi-cavalerie-lourde-sephosienne","Cavalerie lourde Sephosienne","melee","Profil sans bonus","0.66666667","0.66666667","0.00000000","0.00000000","0.66666667","0.00000000"
"adrien-01-sans-relances-tableau","sephosi-cavalerie-lourde-sephosienne","Cavalerie lourde Sephosienne","sephosi-arbaletriers-montes-sephosiens","Arbalétriers Montés","melee","Profil sans bonus","0.83333333","0.83333333","0.83333333","0.00000000","0.97222222","0.97222222"
"adrien-01-sans-relances-tableau","sephosi-cavalerie-lourde-sephosienne","Cavalerie lourde Sephosienne","sephosi-balistes-sephosiennes","Balistes Sephosiennes","melee","Profil sans bonus","0.83333333","0.83333333","0.83333333","0.00000000","0.97222222","0.97222222"
"adrien-01-sans-relances-tableau","sephosi-cavalerie-lourde-sephosienne","Cavalerie lourde Sephosienne","sephosi-anges-protecteurs-de-la-sephosi","Anges Protecteurs de la Sephosi","melee","Profil sans bonus","0.66666667","0.66666667","0.00000000","0.00000000","0.66666667","0.00000000"
"adrien-01-sans-relances-tableau","sephosi-cavalerie-lourde-sephosienne","Cavalerie lourde Sephosienne","sephosi-aides-de-camp-sephosiens","Porte-ordres Sephosiens","melee","Profil sans bonus","0.83333333","0.83333333","0.83333333","0.00000000","0.97222222","0.97222222"
"adrien-01-sans-relances-tableau","sephosi-cavalerie-lourde-sephosienne","Cavalerie lourde Sephosienne","sephosi-marechal-vallardi","Maréchal Vallardi","melee","Profil sans bonus","0.83333333","0.83333333","0.83333333","0.00000000","0.97222222","0.97222222"
"adrien-01-sans-relances-tableau","sephosi-cavalerie-lourde-sephosienne","Cavalerie lourde Sephosienne","sephosi-regiment-de-la-salamandre","Régiment de la Salamandre","melee","Profil sans bonus","0.50000000","0.50000000","0.00000000","0.00000000","0.50000000","0.00000000"
"adrien-01-sans-relances-tableau","sephosi-arbaletriers-montes-sephosiens","Arbalétriers Montés","gobelins-troupe-de-gobelins","Bande de Gobelins","ranged","Profil sans bonus","0.83333333","0.83333333","0.00000000","0.00000000","0.83333333","0.00000000"
"adrien-01-sans-relances-tableau","sephosi-arbaletriers-montes-sephosiens","Arbalétriers Montés","gobelins-archers-gobelins","Archers Gobelins","ranged","Profil sans bonus","0.83333333","0.83333333","0.83333333","0.00000000","0.83333333","0.83333333"
"adrien-01-sans-relances-tableau","sephosi-arbaletriers-montes-sephosiens","Arbalétriers Montés","gobelins-shaman-gobelin","Shamans Gobelins","ranged","Profil sans bonus","0.83333333","0.83333333","0.83333333","0.00000000","0.83333333","0.83333333"
"adrien-01-sans-relances-tableau","sephosi-arbaletriers-montes-sephosiens","Arbalétriers Montés","gobelins-chevaucheurs-de-skrans-gobelins","Chevaucheurs de Skrans Gobelins","ranged","Profil sans bonus","0.83333333","0.83333333","0.00000000","0.00000000","0.83333333","0.00000000"
"adrien-01-sans-relances-tableau","sephosi-arbaletriers-montes-sephosiens","Arbalétriers Montés","gobelins-katapult-a-gobs","Katapult à gobs","ranged","Profil sans bonus","0.83333333","0.83333333","0.83333333","0.00000000","0.83333333","0.83333333"
"adrien-01-sans-relances-tableau","sephosi-arbaletriers-montes-sephosiens","Arbalétriers Montés","gobelins-meneurs-de-troll","Trolls","ranged","Profil sans bonus","0.16666667","0.16666667","0.00000000","0.00000000","0.16666667","0.00000000"
"adrien-01-sans-relances-tableau","sephosi-arbaletriers-montes-sephosiens","Arbalétriers Montés","gobelins-bon-gros-tarre-de-gobelin","Gros tarrés de gobelins","ranged","Profil sans bonus","0.83333333","0.83333333","0.83333333","0.00000000","0.83333333","0.83333333"
"adrien-01-sans-relances-tableau","sephosi-arbaletriers-montes-sephosiens","Arbalétriers Montés","gobelins-bande-du-chef","Bande du chef","ranged","Profil sans bonus","0.66666667","0.66666667","0.00000000","0.00000000","0.66666667","0.00000000"
"adrien-01-sans-relances-tableau","sephosi-arbaletriers-montes-sephosiens","Arbalétriers Montés","gobelins-le-danzereu","Le Danzereu","ranged","Profil sans bonus","0.83333333","0.83333333","0.83333333","0.00000000","0.83333333","0.83333333"
"adrien-01-sans-relances-tableau","sephosi-arbaletriers-montes-sephosiens","Arbalétriers Montés","gobelins-blop-le-meuteur","Blop, le Meuteur","ranged","Profil sans bonus","0.83333333","0.83333333","0.00000000","0.00000000","0.83333333","0.00000000"
"adrien-01-sans-relances-tableau","sephosi-arbaletriers-montes-sephosiens","Arbalétriers Montés","sephosi-lanciers-sephosiens","Lanciers Sephosiens","ranged","Profil sans bonus","0.50000000","0.50000000","0.00000000","0.00000000","0.50000000","0.00000000"
"adrien-01-sans-relances-tableau","sephosi-arbaletriers-montes-sephosiens","Arbalétriers Montés","sephosi-epeistes-sephosiens","Epéistes Sephosiens","ranged","Profil sans bonus","0.50000000","0.50000000","0.00000000","0.00000000","0.50000000","0.00000000"
"adrien-01-sans-relances-tableau","sephosi-arbaletriers-montes-sephosiens","Arbalétriers Montés","sephosi-arbaletriers-avec-pavois","Arbalétriers Sephosiens","ranged","Profil sans bonus","0.66666667","0.66666667","0.00000000","0.00000000","0.66666667","0.00000000"
"adrien-01-sans-relances-tableau","sephosi-arbaletriers-montes-sephosiens","Arbalétriers Montés","sephosi-cavalerie-lourde-sephosienne","Cavalerie lourde Sephosienne","ranged","Profil sans bonus","0.66666667","0.66666667","0.00000000","0.00000000","0.66666667","0.00000000"
"adrien-01-sans-relances-tableau","sephosi-arbaletriers-montes-sephosiens","Arbalétriers Montés","sephosi-arbaletriers-montes-sephosiens","Arbalétriers Montés","ranged","Profil sans bonus","0.83333333","0.83333333","0.83333333","0.00000000","0.83333333","0.83333333"
"adrien-01-sans-relances-tableau","sephosi-arbaletriers-montes-sephosiens","Arbalétriers Montés","sephosi-balistes-sephosiennes","Balistes Sephosiennes","ranged","Profil sans bonus","0.83333333","0.83333333","0.83333333","0.00000000","0.83333333","0.83333333"
"adrien-01-sans-relances-tableau","sephosi-arbaletriers-montes-sephosiens","Arbalétriers Montés","sephosi-anges-protecteurs-de-la-sephosi","Anges Protecteurs de la Sephosi","ranged","Profil sans bonus","0.66666667","0.66666667","0.00000000","0.00000000","0.66666667","0.00000000"
"adrien-01-sans-relances-tableau","sephosi-arbaletriers-montes-sephosiens","Arbalétriers Montés","sephosi-aides-de-camp-sephosiens","Porte-ordres Sephosiens","ranged","Profil sans bonus","0.83333333","0.83333333","0.83333333","0.00000000","0.83333333","0.83333333"
"adrien-01-sans-relances-tableau","sephosi-arbaletriers-montes-sephosiens","Arbalétriers Montés","sephosi-marechal-vallardi","Maréchal Vallardi","ranged","Profil sans bonus","0.83333333","0.83333333","0.83333333","0.00000000","0.83333333","0.83333333"
"adrien-01-sans-relances-tableau","sephosi-arbaletriers-montes-sephosiens","Arbalétriers Montés","sephosi-regiment-de-la-salamandre","Régiment de la Salamandre","ranged","Profil sans bonus","0.33333333","0.33333333","0.00000000","0.00000000","0.33333333","0.00000000"
"adrien-01-sans-relances-tableau","sephosi-balistes-sephosiennes","Balistes Sephosiennes","gobelins-troupe-de-gobelins","Bande de Gobelins","ranged","Profil sans bonus","0.83333333","0.83333333","0.00000000","0.00000000","0.97222222","0.00000000"
"adrien-01-sans-relances-tableau","sephosi-balistes-sephosiennes","Balistes Sephosiennes","gobelins-archers-gobelins","Archers Gobelins","ranged","Profil sans bonus","0.83333333","0.83333333","0.83333333","0.00000000","0.97222222","0.97222222"
"adrien-01-sans-relances-tableau","sephosi-balistes-sephosiennes","Balistes Sephosiennes","gobelins-shaman-gobelin","Shamans Gobelins","ranged","Profil sans bonus","0.83333333","0.83333333","0.83333333","0.00000000","0.97222222","0.97222222"
"adrien-01-sans-relances-tableau","sephosi-balistes-sephosiennes","Balistes Sephosiennes","gobelins-chevaucheurs-de-skrans-gobelins","Chevaucheurs de Skrans Gobelins","ranged","Profil sans bonus","0.83333333","0.83333333","0.00000000","0.00000000","0.97222222","0.00000000"
"adrien-01-sans-relances-tableau","sephosi-balistes-sephosiennes","Balistes Sephosiennes","gobelins-katapult-a-gobs","Katapult à gobs","ranged","Profil sans bonus","0.83333333","0.83333333","0.83333333","0.00000000","0.97222222","0.97222222"
"adrien-01-sans-relances-tableau","sephosi-balistes-sephosiennes","Balistes Sephosiennes","gobelins-meneurs-de-troll","Trolls","ranged","Profil sans bonus","0.66666667","0.66666667","0.00000000","0.00000000","0.66666667","0.00000000"
"adrien-01-sans-relances-tableau","sephosi-balistes-sephosiennes","Balistes Sephosiennes","gobelins-bon-gros-tarre-de-gobelin","Gros tarrés de gobelins","ranged","Profil sans bonus","0.83333333","0.83333333","0.83333333","0.00000000","0.97222222","0.97222222"
"adrien-01-sans-relances-tableau","sephosi-balistes-sephosiennes","Balistes Sephosiennes","gobelins-bande-du-chef","Bande du chef","ranged","Profil sans bonus","0.83333333","0.83333333","0.00000000","0.00000000","0.97222222","0.00000000"
"adrien-01-sans-relances-tableau","sephosi-balistes-sephosiennes","Balistes Sephosiennes","gobelins-le-danzereu","Le Danzereu","ranged","Profil sans bonus","0.83333333","0.83333333","0.83333333","0.00000000","0.97222222","0.97222222"
"adrien-01-sans-relances-tableau","sephosi-balistes-sephosiennes","Balistes Sephosiennes","gobelins-blop-le-meuteur","Blop, le Meuteur","ranged","Profil sans bonus","0.83333333","0.83333333","0.00000000","0.00000000","0.97222222","0.00000000"
"adrien-01-sans-relances-tableau","sephosi-balistes-sephosiennes","Balistes Sephosiennes","sephosi-lanciers-sephosiens","Lanciers Sephosiens","ranged","Profil sans bonus","0.83333333","0.83333333","0.00000000","0.00000000","0.97222222","0.00000000"
"adrien-01-sans-relances-tableau","sephosi-balistes-sephosiennes","Balistes Sephosiennes","sephosi-epeistes-sephosiens","Epéistes Sephosiens","ranged","Profil sans bonus","0.83333333","0.83333333","0.00000000","0.00000000","0.97222222","0.00000000"
"adrien-01-sans-relances-tableau","sephosi-balistes-sephosiennes","Balistes Sephosiennes","sephosi-arbaletriers-avec-pavois","Arbalétriers Sephosiens","ranged","Profil sans bonus","0.83333333","0.83333333","0.00000000","0.00000000","0.97222222","0.00000000"
"adrien-01-sans-relances-tableau","sephosi-balistes-sephosiennes","Balistes Sephosiennes","sephosi-cavalerie-lourde-sephosienne","Cavalerie lourde Sephosienne","ranged","Profil sans bonus","0.83333333","0.83333333","0.00000000","0.00000000","0.97222222","0.00000000"
"adrien-01-sans-relances-tableau","sephosi-balistes-sephosiennes","Balistes Sephosiennes","sephosi-arbaletriers-montes-sephosiens","Arbalétriers Montés","ranged","Profil sans bonus","0.83333333","0.83333333","0.83333333","0.00000000","0.97222222","0.97222222"
"adrien-01-sans-relances-tableau","sephosi-balistes-sephosiennes","Balistes Sephosiennes","sephosi-balistes-sephosiennes","Balistes Sephosiennes","ranged","Profil sans bonus","0.83333333","0.83333333","0.83333333","0.00000000","0.97222222","0.97222222"
"adrien-01-sans-relances-tableau","sephosi-balistes-sephosiennes","Balistes Sephosiennes","sephosi-anges-protecteurs-de-la-sephosi","Anges Protecteurs de la Sephosi","ranged","Profil sans bonus","0.83333333","0.83333333","0.00000000","0.00000000","0.97222222","0.00000000"
"adrien-01-sans-relances-tableau","sephosi-balistes-sephosiennes","Balistes Sephosiennes","sephosi-aides-de-camp-sephosiens","Porte-ordres Sephosiens","ranged","Profil sans bonus","0.83333333","0.83333333","0.83333333","0.00000000","0.97222222","0.97222222"
"adrien-01-sans-relances-tableau","sephosi-balistes-sephosiennes","Balistes Sephosiennes","sephosi-marechal-vallardi","Maréchal Vallardi","ranged","Profil sans bonus","0.83333333","0.83333333","0.83333333","0.00000000","0.97222222","0.97222222"
"adrien-01-sans-relances-tableau","sephosi-balistes-sephosiennes","Balistes Sephosiennes","sephosi-regiment-de-la-salamandre","Régiment de la Salamandre","ranged","Profil sans bonus","0.83333333","0.83333333","0.00000000","0.00000000","0.83333333","0.00000000"
"adrien-01-sans-relances-tableau","sephosi-anges-protecteurs-de-la-sephosi","Anges Protecteurs de la Sephosi","gobelins-troupe-de-gobelins","Bande de Gobelins","melee","Profil sans bonus","1.66666667","1.66666667","0.69444444","0.00000000","1.66666667","0.69444444"
"adrien-01-sans-relances-tableau","sephosi-anges-protecteurs-de-la-sephosi","Anges Protecteurs de la Sephosi","gobelins-archers-gobelins","Archers Gobelins","melee","Profil sans bonus","1.66666667","0.97222222","0.97222222","0.00000000","0.99922840","0.99922840"
"adrien-01-sans-relances-tableau","sephosi-anges-protecteurs-de-la-sephosi","Anges Protecteurs de la Sephosi","gobelins-shaman-gobelin","Shamans Gobelins","melee","Profil sans bonus","1.66666667","0.97222222","0.97222222","0.00000000","0.99922840","0.99922840"
"adrien-01-sans-relances-tableau","sephosi-anges-protecteurs-de-la-sephosi","Anges Protecteurs de la Sephosi","gobelins-chevaucheurs-de-skrans-gobelins","Chevaucheurs de Skrans Gobelins","melee","Profil sans bonus","1.66666667","1.66666667","0.69444444","0.00000000","1.66666667","0.69444444"
"adrien-01-sans-relances-tableau","sephosi-anges-protecteurs-de-la-sephosi","Anges Protecteurs de la Sephosi","gobelins-katapult-a-gobs","Katapult à gobs","melee","Profil sans bonus","1.66666667","0.97222222","0.97222222","0.00000000","0.99922840","0.99922840"
"adrien-01-sans-relances-tableau","sephosi-anges-protecteurs-de-la-sephosi","Anges Protecteurs de la Sephosi","gobelins-meneurs-de-troll","Trolls","melee","Profil sans bonus","0.66666667","0.66666667","0.11111111","0.00000000","0.66666667","0.11111111"
"adrien-01-sans-relances-tableau","sephosi-anges-protecteurs-de-la-sephosi","Anges Protecteurs de la Sephosi","gobelins-bon-gros-tarre-de-gobelin","Gros tarrés de gobelins","melee","Profil sans bonus","1.66666667","0.97222222","0.97222222","0.00000000","0.99922840","0.99922840"
"adrien-01-sans-relances-tableau","sephosi-anges-protecteurs-de-la-sephosi","Anges Protecteurs de la Sephosi","gobelins-bande-du-chef","Bande du chef","melee","Profil sans bonus","1.33333333","1.33333333","0.00000000","0.00000000","1.33333333","0.00000000"
"adrien-01-sans-relances-tableau","sephosi-anges-protecteurs-de-la-sephosi","Anges Protecteurs de la Sephosi","gobelins-le-danzereu","Le Danzereu","melee","Profil sans bonus","1.66666667","0.97222222","0.97222222","0.00000000","0.99922840","0.99922840"
"adrien-01-sans-relances-tableau","sephosi-anges-protecteurs-de-la-sephosi","Anges Protecteurs de la Sephosi","gobelins-blop-le-meuteur","Blop, le Meuteur","melee","Profil sans bonus","1.66666667","1.66666667","0.00000000","0.00000000","1.66666667","0.00000000"
"adrien-01-sans-relances-tableau","sephosi-anges-protecteurs-de-la-sephosi","Anges Protecteurs de la Sephosi","sephosi-lanciers-sephosiens","Lanciers Sephosiens","melee","Profil sans bonus","1.00000000","1.00000000","0.00000000","0.00000000","1.00000000","0.00000000"
"adrien-01-sans-relances-tableau","sephosi-anges-protecteurs-de-la-sephosi","Anges Protecteurs de la Sephosi","sephosi-epeistes-sephosiens","Epéistes Sephosiens","melee","Profil sans bonus","1.33333333","1.33333333","0.00000000","0.00000000","1.33333333","0.00000000"
"adrien-01-sans-relances-tableau","sephosi-anges-protecteurs-de-la-sephosi","Anges Protecteurs de la Sephosi","sephosi-arbaletriers-avec-pavois","Arbalétriers Sephosiens","melee","Profil sans bonus","1.66666667","1.66666667","0.69444444","0.00000000","1.94444444","0.94521605"
"adrien-01-sans-relances-tableau","sephosi-anges-protecteurs-de-la-sephosi","Anges Protecteurs de la Sephosi","sephosi-cavalerie-lourde-sephosienne","Cavalerie lourde Sephosienne","melee","Profil sans bonus","1.33333333","1.33333333","0.44444444","0.00000000","1.33333333","0.44444444"
"adrien-01-sans-relances-tableau","sephosi-anges-protecteurs-de-la-sephosi","Anges Protecteurs de la Sephosi","sephosi-arbaletriers-montes-sephosiens","Arbalétriers Montés","melee","Profil sans bonus","1.66666667","0.97222222","0.97222222","0.00000000","0.99922840","0.99922840"
"adrien-01-sans-relances-tableau","sephosi-anges-protecteurs-de-la-sephosi","Anges Protecteurs de la Sephosi","sephosi-balistes-sephosiennes","Balistes Sephosiennes","melee","Profil sans bonus","1.66666667","0.97222222","0.97222222","0.00000000","0.99922840","0.99922840"
"adrien-01-sans-relances-tableau","sephosi-anges-protecteurs-de-la-sephosi","Anges Protecteurs de la Sephosi","sephosi-anges-protecteurs-de-la-sephosi","Anges Protecteurs de la Sephosi","melee","Profil sans bonus","1.33333333","1.33333333","0.44444444","0.00000000","1.33333333","0.44444444"
"adrien-01-sans-relances-tableau","sephosi-anges-protecteurs-de-la-sephosi","Anges Protecteurs de la Sephosi","sephosi-aides-de-camp-sephosiens","Porte-ordres Sephosiens","melee","Profil sans bonus","1.66666667","0.97222222","0.97222222","0.00000000","0.99922840","0.99922840"
"adrien-01-sans-relances-tableau","sephosi-anges-protecteurs-de-la-sephosi","Anges Protecteurs de la Sephosi","sephosi-marechal-vallardi","Maréchal Vallardi","melee","Profil sans bonus","1.66666667","0.97222222","0.97222222","0.00000000","0.99922840","0.99922840"
"adrien-01-sans-relances-tableau","sephosi-anges-protecteurs-de-la-sephosi","Anges Protecteurs de la Sephosi","sephosi-regiment-de-la-salamandre","Régiment de la Salamandre","melee","Profil sans bonus","1.00000000","1.00000000","0.00000000","0.00000000","1.00000000","0.00000000"
"adrien-01-sans-relances-tableau","sephosi-aides-de-camp-sephosiens","Porte-ordres Sephosiens","gobelins-troupe-de-gobelins","Bande de Gobelins","none","Profil sans bonus","0.00000000","0.00000000","0.00000000","0.00000000","0.00000000","0.00000000"
"adrien-01-sans-relances-tableau","sephosi-aides-de-camp-sephosiens","Porte-ordres Sephosiens","gobelins-archers-gobelins","Archers Gobelins","none","Profil sans bonus","0.00000000","0.00000000","0.00000000","0.00000000","0.00000000","0.00000000"
"adrien-01-sans-relances-tableau","sephosi-aides-de-camp-sephosiens","Porte-ordres Sephosiens","gobelins-shaman-gobelin","Shamans Gobelins","none","Profil sans bonus","0.00000000","0.00000000","0.00000000","0.00000000","0.00000000","0.00000000"
"adrien-01-sans-relances-tableau","sephosi-aides-de-camp-sephosiens","Porte-ordres Sephosiens","gobelins-chevaucheurs-de-skrans-gobelins","Chevaucheurs de Skrans Gobelins","none","Profil sans bonus","0.00000000","0.00000000","0.00000000","0.00000000","0.00000000","0.00000000"
"adrien-01-sans-relances-tableau","sephosi-aides-de-camp-sephosiens","Porte-ordres Sephosiens","gobelins-katapult-a-gobs","Katapult à gobs","none","Profil sans bonus","0.00000000","0.00000000","0.00000000","0.00000000","0.00000000","0.00000000"
"adrien-01-sans-relances-tableau","sephosi-aides-de-camp-sephosiens","Porte-ordres Sephosiens","gobelins-meneurs-de-troll","Trolls","none","Profil sans bonus","0.00000000","0.00000000","0.00000000","0.00000000","0.00000000","0.00000000"
"adrien-01-sans-relances-tableau","sephosi-aides-de-camp-sephosiens","Porte-ordres Sephosiens","gobelins-bon-gros-tarre-de-gobelin","Gros tarrés de gobelins","none","Profil sans bonus","0.00000000","0.00000000","0.00000000","0.00000000","0.00000000","0.00000000"
"adrien-01-sans-relances-tableau","sephosi-aides-de-camp-sephosiens","Porte-ordres Sephosiens","gobelins-bande-du-chef","Bande du chef","none","Profil sans bonus","0.00000000","0.00000000","0.00000000","0.00000000","0.00000000","0.00000000"
"adrien-01-sans-relances-tableau","sephosi-aides-de-camp-sephosiens","Porte-ordres Sephosiens","gobelins-le-danzereu","Le Danzereu","none","Profil sans bonus","0.00000000","0.00000000","0.00000000","0.00000000","0.00000000","0.00000000"
"adrien-01-sans-relances-tableau","sephosi-aides-de-camp-sephosiens","Porte-ordres Sephosiens","gobelins-blop-le-meuteur","Blop, le Meuteur","none","Profil sans bonus","0.00000000","0.00000000","0.00000000","0.00000000","0.00000000","0.00000000"
"adrien-01-sans-relances-tableau","sephosi-aides-de-camp-sephosiens","Porte-ordres Sephosiens","sephosi-lanciers-sephosiens","Lanciers Sephosiens","none","Profil sans bonus","0.00000000","0.00000000","0.00000000","0.00000000","0.00000000","0.00000000"
"adrien-01-sans-relances-tableau","sephosi-aides-de-camp-sephosiens","Porte-ordres Sephosiens","sephosi-epeistes-sephosiens","Epéistes Sephosiens","none","Profil sans bonus","0.00000000","0.00000000","0.00000000","0.00000000","0.00000000","0.00000000"
"adrien-01-sans-relances-tableau","sephosi-aides-de-camp-sephosiens","Porte-ordres Sephosiens","sephosi-arbaletriers-avec-pavois","Arbalétriers Sephosiens","none","Profil sans bonus","0.00000000","0.00000000","0.00000000","0.00000000","0.00000000","0.00000000"
"adrien-01-sans-relances-tableau","sephosi-aides-de-camp-sephosiens","Porte-ordres Sephosiens","sephosi-cavalerie-lourde-sephosienne","Cavalerie lourde Sephosienne","none","Profil sans bonus","0.00000000","0.00000000","0.00000000","0.00000000","0.00000000","0.00000000"
"adrien-01-sans-relances-tableau","sephosi-aides-de-camp-sephosiens","Porte-ordres Sephosiens","sephosi-arbaletriers-montes-sephosiens","Arbalétriers Montés","none","Profil sans bonus","0.00000000","0.00000000","0.00000000","0.00000000","0.00000000","0.00000000"
"adrien-01-sans-relances-tableau","sephosi-aides-de-camp-sephosiens","Porte-ordres Sephosiens","sephosi-balistes-sephosiennes","Balistes Sephosiennes","none","Profil sans bonus","0.00000000","0.00000000","0.00000000","0.00000000","0.00000000","0.00000000"
"adrien-01-sans-relances-tableau","sephosi-aides-de-camp-sephosiens","Porte-ordres Sephosiens","sephosi-anges-protecteurs-de-la-sephosi","Anges Protecteurs de la Sephosi","none","Profil sans bonus","0.00000000","0.00000000","0.00000000","0.00000000","0.00000000","0.00000000"
"adrien-01-sans-relances-tableau","sephosi-aides-de-camp-sephosiens","Porte-ordres Sephosiens","sephosi-aides-de-camp-sephosiens","Porte-ordres Sephosiens","none","Profil sans bonus","0.00000000","0.00000000","0.00000000","0.00000000","0.00000000","0.00000000"
"adrien-01-sans-relances-tableau","sephosi-aides-de-camp-sephosiens","Porte-ordres Sephosiens","sephosi-marechal-vallardi","Maréchal Vallardi","none","Profil sans bonus","0.00000000","0.00000000","0.00000000","0.00000000","0.00000000","0.00000000"
"adrien-01-sans-relances-tableau","sephosi-aides-de-camp-sephosiens","Porte-ordres Sephosiens","sephosi-regiment-de-la-salamandre","Régiment de la Salamandre","none","Profil sans bonus","0.00000000","0.00000000","0.00000000","0.00000000","0.00000000","0.00000000"
"adrien-01-sans-relances-tableau","sephosi-marechal-vallardi","Maréchal Vallardi","gobelins-troupe-de-gobelins","Bande de Gobelins","none","Profil sans bonus","0.00000000","0.00000000","0.00000000","0.00000000","0.00000000","0.00000000"
"adrien-01-sans-relances-tableau","sephosi-marechal-vallardi","Maréchal Vallardi","gobelins-archers-gobelins","Archers Gobelins","none","Profil sans bonus","0.00000000","0.00000000","0.00000000","0.00000000","0.00000000","0.00000000"
"adrien-01-sans-relances-tableau","sephosi-marechal-vallardi","Maréchal Vallardi","gobelins-shaman-gobelin","Shamans Gobelins","none","Profil sans bonus","0.00000000","0.00000000","0.00000000","0.00000000","0.00000000","0.00000000"
"adrien-01-sans-relances-tableau","sephosi-marechal-vallardi","Maréchal Vallardi","gobelins-chevaucheurs-de-skrans-gobelins","Chevaucheurs de Skrans Gobelins","none","Profil sans bonus","0.00000000","0.00000000","0.00000000","0.00000000","0.00000000","0.00000000"
"adrien-01-sans-relances-tableau","sephosi-marechal-vallardi","Maréchal Vallardi","gobelins-katapult-a-gobs","Katapult à gobs","none","Profil sans bonus","0.00000000","0.00000000","0.00000000","0.00000000","0.00000000","0.00000000"
"adrien-01-sans-relances-tableau","sephosi-marechal-vallardi","Maréchal Vallardi","gobelins-meneurs-de-troll","Trolls","none","Profil sans bonus","0.00000000","0.00000000","0.00000000","0.00000000","0.00000000","0.00000000"
"adrien-01-sans-relances-tableau","sephosi-marechal-vallardi","Maréchal Vallardi","gobelins-bon-gros-tarre-de-gobelin","Gros tarrés de gobelins","none","Profil sans bonus","0.00000000","0.00000000","0.00000000","0.00000000","0.00000000","0.00000000"
"adrien-01-sans-relances-tableau","sephosi-marechal-vallardi","Maréchal Vallardi","gobelins-bande-du-chef","Bande du chef","none","Profil sans bonus","0.00000000","0.00000000","0.00000000","0.00000000","0.00000000","0.00000000"
"adrien-01-sans-relances-tableau","sephosi-marechal-vallardi","Maréchal Vallardi","gobelins-le-danzereu","Le Danzereu","none","Profil sans bonus","0.00000000","0.00000000","0.00000000","0.00000000","0.00000000","0.00000000"
"adrien-01-sans-relances-tableau","sephosi-marechal-vallardi","Maréchal Vallardi","gobelins-blop-le-meuteur","Blop, le Meuteur","none","Profil sans bonus","0.00000000","0.00000000","0.00000000","0.00000000","0.00000000","0.00000000"
"adrien-01-sans-relances-tableau","sephosi-marechal-vallardi","Maréchal Vallardi","sephosi-lanciers-sephosiens","Lanciers Sephosiens","none","Profil sans bonus","0.00000000","0.00000000","0.00000000","0.00000000","0.00000000","0.00000000"
"adrien-01-sans-relances-tableau","sephosi-marechal-vallardi","Maréchal Vallardi","sephosi-epeistes-sephosiens","Epéistes Sephosiens","none","Profil sans bonus","0.00000000","0.00000000","0.00000000","0.00000000","0.00000000","0.00000000"
"adrien-01-sans-relances-tableau","sephosi-marechal-vallardi","Maréchal Vallardi","sephosi-arbaletriers-avec-pavois","Arbalétriers Sephosiens","none","Profil sans bonus","0.00000000","0.00000000","0.00000000","0.00000000","0.00000000","0.00000000"
"adrien-01-sans-relances-tableau","sephosi-marechal-vallardi","Maréchal Vallardi","sephosi-cavalerie-lourde-sephosienne","Cavalerie lourde Sephosienne","none","Profil sans bonus","0.00000000","0.00000000","0.00000000","0.00000000","0.00000000","0.00000000"
"adrien-01-sans-relances-tableau","sephosi-marechal-vallardi","Maréchal Vallardi","sephosi-arbaletriers-montes-sephosiens","Arbalétriers Montés","none","Profil sans bonus","0.00000000","0.00000000","0.00000000","0.00000000","0.00000000","0.00000000"
"adrien-01-sans-relances-tableau","sephosi-marechal-vallardi","Maréchal Vallardi","sephosi-balistes-sephosiennes","Balistes Sephosiennes","none","Profil sans bonus","0.00000000","0.00000000","0.00000000","0.00000000","0.00000000","0.00000000"
"adrien-01-sans-relances-tableau","sephosi-marechal-vallardi","Maréchal Vallardi","sephosi-anges-protecteurs-de-la-sephosi","Anges Protecteurs de la Sephosi","none","Profil sans bonus","0.00000000","0.00000000","0.00000000","0.00000000","0.00000000","0.00000000"
"adrien-01-sans-relances-tableau","sephosi-marechal-vallardi","Maréchal Vallardi","sephosi-aides-de-camp-sephosiens","Porte-ordres Sephosiens","none","Profil sans bonus","0.00000000","0.00000000","0.00000000","0.00000000","0.00000000","0.00000000"
"adrien-01-sans-relances-tableau","sephosi-marechal-vallardi","Maréchal Vallardi","sephosi-marechal-vallardi","Maréchal Vallardi","none","Profil sans bonus","0.00000000","0.00000000","0.00000000","0.00000000","0.00000000","0.00000000"
"adrien-01-sans-relances-tableau","sephosi-marechal-vallardi","Maréchal Vallardi","sephosi-regiment-de-la-salamandre","Régiment de la Salamandre","none","Profil sans bonus","0.00000000","0.00000000","0.00000000","0.00000000","0.00000000","0.00000000"
"adrien-01-sans-relances-tableau","sephosi-regiment-de-la-salamandre","Régiment de la Salamandre","gobelins-troupe-de-gobelins","Bande de Gobelins","melee","Profil sans bonus","2.50000000","1.92129630","0.92592593","0.00000000","1.92129630","0.92592593"
"adrien-01-sans-relances-tableau","sephosi-regiment-de-la-salamandre","Régiment de la Salamandre","gobelins-archers-gobelins","Archers Gobelins","melee","Profil sans bonus","2.50000000","0.99537037","0.99537037","0.00000000","0.99997857","0.99997857"
"adrien-01-sans-relances-tableau","sephosi-regiment-de-la-salamandre","Régiment de la Salamandre","gobelins-shaman-gobelin","Shamans Gobelins","melee","Profil sans bonus","2.50000000","0.99537037","0.99537037","0.00000000","0.99997857","0.99997857"
"adrien-01-sans-relances-tableau","sephosi-regiment-de-la-salamandre","Régiment de la Salamandre","gobelins-chevaucheurs-de-skrans-gobelins","Chevaucheurs de Skrans Gobelins","melee","Profil sans bonus","2.50000000","1.92129630","0.92592593","0.00000000","1.92129630","0.92592593"
"adrien-01-sans-relances-tableau","sephosi-regiment-de-la-salamandre","Régiment de la Salamandre","gobelins-katapult-a-gobs","Katapult à gobs","melee","Profil sans bonus","2.50000000","0.99537037","0.99537037","0.00000000","0.99997857","0.99997857"
"adrien-01-sans-relances-tableau","sephosi-regiment-de-la-salamandre","Régiment de la Salamandre","gobelins-meneurs-de-troll","Trolls","melee","Profil sans bonus","1.00000000","0.96296296","0.25925926","0.00000000","0.96296296","0.25925926"
"adrien-01-sans-relances-tableau","sephosi-regiment-de-la-salamandre","Régiment de la Salamandre","gobelins-bon-gros-tarre-de-gobelin","Gros tarrés de gobelins","melee","Profil sans bonus","2.50000000","0.99537037","0.99537037","0.00000000","0.99997857","0.99997857"
"adrien-01-sans-relances-tableau","sephosi-regiment-de-la-salamandre","Régiment de la Salamandre","gobelins-bande-du-chef","Bande du chef","melee","Profil sans bonus","2.00000000","2.00000000","0.00000000","0.00000000","2.00000000","0.00000000"
"adrien-01-sans-relances-tableau","sephosi-regiment-de-la-salamandre","Régiment de la Salamandre","gobelins-le-danzereu","Le Danzereu","melee","Profil sans bonus","2.50000000","0.99537037","0.99537037","0.00000000","0.99997857","0.99997857"
"adrien-01-sans-relances-tableau","sephosi-regiment-de-la-salamandre","Régiment de la Salamandre","gobelins-blop-le-meuteur","Blop, le Meuteur","melee","Profil sans bonus","2.50000000","2.50000000","0.57870370","0.00000000","2.50000000","0.57870370"
"adrien-01-sans-relances-tableau","sephosi-regiment-de-la-salamandre","Régiment de la Salamandre","sephosi-lanciers-sephosiens","Lanciers Sephosiens","melee","Profil sans bonus","1.50000000","1.50000000","0.12500000","0.00000000","1.50000000","0.12500000"
"adrien-01-sans-relances-tableau","sephosi-regiment-de-la-salamandre","Régiment de la Salamandre","sephosi-epeistes-sephosiens","Epéistes Sephosiens","melee","Profil sans bonus","2.00000000","2.00000000","0.29629630","0.00000000","2.00000000","0.29629630"
"adrien-01-sans-relances-tableau","sephosi-regiment-de-la-salamandre","Régiment de la Salamandre","sephosi-arbaletriers-avec-pavois","Arbalétriers Sephosiens","melee","Profil sans bonus","2.50000000","1.92129630","0.92592593","0.00000000","1.99770662","0.99772805"
"adrien-01-sans-relances-tableau","sephosi-regiment-de-la-salamandre","Régiment de la Salamandre","sephosi-cavalerie-lourde-sephosienne","Cavalerie lourde Sephosienne","melee","Profil sans bonus","2.00000000","1.70370370","0.74074074","0.00000000","1.70370370","0.74074074"
"adrien-01-sans-relances-tableau","sephosi-regiment-de-la-salamandre","Régiment de la Salamandre","sephosi-arbaletriers-montes-sephosiens","Arbalétriers Montés","melee","Profil sans bonus","2.50000000","0.99537037","0.99537037","0.00000000","0.99997857","0.99997857"
"adrien-01-sans-relances-tableau","sephosi-regiment-de-la-salamandre","Régiment de la Salamandre","sephosi-balistes-sephosiennes","Balistes Sephosiennes","melee","Profil sans bonus","2.50000000","0.99537037","0.99537037","0.00000000","0.99997857","0.99997857"
"adrien-01-sans-relances-tableau","sephosi-regiment-de-la-salamandre","Régiment de la Salamandre","sephosi-anges-protecteurs-de-la-sephosi","Anges Protecteurs de la Sephosi","melee","Profil sans bonus","2.00000000","1.70370370","0.74074074","0.00000000","1.70370370","0.74074074"
"adrien-01-sans-relances-tableau","sephosi-regiment-de-la-salamandre","Régiment de la Salamandre","sephosi-aides-de-camp-sephosiens","Porte-ordres Sephosiens","melee","Profil sans bonus","2.50000000","0.99537037","0.99537037","0.00000000","0.99997857","0.99997857"
"adrien-01-sans-relances-tableau","sephosi-regiment-de-la-salamandre","Régiment de la Salamandre","sephosi-marechal-vallardi","Maréchal Vallardi","melee","Profil sans bonus","2.50000000","0.99537037","0.99537037","0.00000000","0.99997857","0.99997857"
"adrien-01-sans-relances-tableau","sephosi-regiment-de-la-salamandre","Régiment de la Salamandre","sephosi-regiment-de-la-salamandre","Régiment de la Salamandre","melee","Profil sans bonus","1.50000000","1.50000000","0.12500000","0.00000000","1.50000000","0.12500000"
